filing_id,cause
282,"18 U.S.C. § 1962(c)"
282,"18 U.S.C. § 1962(d)"
282,Fraud
282,"Aiding and Abetting"
282,"Negligent misrepresentation"
282,"Breach of Contract"
282,"Cal. Lab. Code § 221"
282,"Cal. Penal Code § 496"
282,"Cal. Lab. Code § 200"
282,"Cal. Lab. Code § 201"
282,"Cal. Lab. Code § 202"
282,"Cal. Lab. Code § 203"
282,"Cal. Lab. Code § 204(a)"
282,"Cal. Lab. Code § 2751"
282,"Cal. Lab. Code § 558.1"
282,"Declaratory Relief"
283,"18 U.S.C. § 1962(c)"
283,Negligence
284,"18 U.S.C. § 1030"
284,"Violation of Trade Secrets"
284,"Breach of Contract"
284,"Breach of Fiduciary Duty"
284,"Aiding and Abetting"
284,"Faithless Servant"
284,"Unjust enrichment"
284,"Unfair Competition"
284,Defamation
286,"Lanham Act § 43(a)"
288,Defamation
288,"Tortious Interference"
288,"Breach of Contract"
289,"15 U.S.C. § 45(a)"
289,"Consumer Protections"
289,"Unjust enrichment"
289,"Negligent misrepresentation"
290,"17 U.S.C. § 101"
290,"15 U.S.C. § 1125"
290,"Unfair Competition"
290,"N.J.S.A § 56:4-1"
290,"Lanham Act § 43(a)"
290,"N.J.S.A. § 56:8-1"
290,"15 U.S.C. § 1125(c)"
290,"Tortious Interference"
291,"Breach of Fiduciary Duty"
291,"Aiding and Abetting"
291,"Breach of Contract"
291,"Tortious Interference"
292,"18 U.S.C. § 1030"
292,"Cal. Penal Code § 502"
292,"Cal. Penal Code § 496"
292,"Digital Trespass"
292,Conversion
292,Replevin
292,"Constructive Trust"
292,"Tortious Interference"
292,Conspiracy
293,"Securities Act § 17(a)"
293,"Exchange Act § 10(b)"
294,"15 U.S.C. § 1114(1)"
294,"Trademark Infringement"
294,"15 U.S.C. § 1125"
294,"Unfair Competition"
296,"Securities Act § 5(a)"
296,"Securities Act § 5(c)"
296,"Securities Act § 17(a)"
296,"Exchange Act § 10(b)"
296,"Exchange Act § 21(d)(5)"
297,"Securities Act § 5"
308,"Breach of Fiduciary Duty"
308,"Unjust enrichment"
308,Conversion
309,"Exchange Act § 10(b)"
309,"15 U.S.C. § 78j(b)"
309,"17 C.F.R. § 240.10b-5"
309,"15 U.S.C. § 80b–13(a)"
309,"Exchange Act § 20(a)"
310,"Securities Act § 12(a)(1)"
310,"Securities Act § 5"
310,"Securities Act § 12(a)(2)"
310,"Breach of Contract"
310,"Breach of Fiduciary Duty"
310,Fraud
312,"17 C.F.R. § 240.10b-5"
312,"Exchange Act § 20(a)"
313,"Aiding and Abetting"
313,"18 U.S.C. § 2333(d)(2)"
313,"18 U.S.C. § 2333(a)"
316,"N.Y.G.B.L. § 349"
316,"N.Y.G.B.L. § 350"
316,"Unjust enrichment"
316,"Negligent misrepresentation"
316,"Breach of Fiduciary Duty"
316,Fraud
316,"Fraud in the inducement"
316,"Aiding and Abetting"
316,"Breach of Contract"
317,"Fla. Stat. § 501.201"
318,Fraud
318,Conspiracy
318,"N.Y.G.B.L. § 349"
318,"N.Y.G.B.L. § 350"
318,"Breach of Contract"
318,"Breach of the Implied Covenant of Good Faith and Fair Dealing"
318,"Promissory Estoppel"
319,"15 U.S.C. § 1125"
319,"Trade Dress Infringement"
319,"N.Y.G.B.L. § 133"
320,"Fraud in the inducement"
320,"O.C.G.A. § 51-12-5.1"
320,Replevin
320,Conversion
320,"Constructive Trust"
320,"O.C.G.A. § 51-1-6"
320,"18 U.S.C. § 1962(c)"
320,"18 U.S.C. § 1962(d)"
320,"18 U.S.C. § 1961"
321,"Fraud in the inducement"
321,"Declaratory Judgment"
321,"Breach of Fiduciary Duty"
321,"Breach of Contract"
321,"Aiding and Abetting"
321,Conspiracy
321,"Usurpation of Corporate Opportunity"
321,"Unjust enrichment"
322,"Breach of Contract"
322,"Declaratory Judgment"
322,"Breach of the Implied Covenant of Good Faith and Fair Dealing"
322,Conversion
322,"Unjust enrichment"
322,"Quantum Meruit"
322,Replevin
322,"Negligent misrepresentation"
323,"N.Y. Gen. Oblig. Law § 5-419"
323,"N.Y. Gen. Oblig. Law § 5-421"
323,"N.Y.G.B.L. § 349"
323,"Unjust enrichment"
323,"Cal. Bus. & Prof. Code § 17200"
323,"Cal. Bus. & Prof. Code § 17500"
324,"Exchange Act § 5"
324,"Exchange Act § 15(a)"
324,"Exchange Act § 17A(b)"
324,"Securities Act § 5(a)"
324,"Securities Act § 5(c)"
325,"Breach of Fiduciary Duty"
325,"Unjust enrichment"
325,Conversion
326,Conspiracy
326,"18 U.S.C. § 1956(a)(1)(B)(i)"
326,"18 U.S.C. § 1956 (h)"
326,"18 U.S.C. § 982(A)(1)"
327,"Declaratory Judgment"
328,Conversion
328,"Unjust enrichment"
328,Replevin
328,"Constructive Trust"
328,"Money Had and Received"
329,Negligence
329,"Aiding and Abetting"
329,"Breach of Statutory Duty"
331,"N.Y.G.B.L. § 349"
331,"N.Y.G.B.L. § 350"
331,"Unjust enrichment"
337,"D.C. Code § 22-931"
337,"D.C. Code § 28-3901"
339,"Breach of Fiduciary Duty"
339,"Unjust enrichment"
339,Conversion
341,Conversion
341,Fraud
344,"18 U.S.C. § 1030"
344,Fraud
344,Conversion
344,Replevin
344,"Unjust enrichment"
344,Misappropriation
344,Conspiracy
344,Negligence
346,Fraud
346,Conspiracy
346,"Breach of Contract"
346,"Breach of Fiduciary Duty"
355,"28 U.S.C. § 1332"
355,"28 U.S.C. § 1331"
355,"15 U.S.C. § 78aa"
356,"15 U.S.C. § 1125"
356,"Breach of Contract"
357,"I.C. § 24-5-0.5-4(a)"
357,"I.C. § 24-5-0.5-4(i)"
364,"Securities Act § 17(a)"
364,"Exchange Act § 10(b)"
364,"Securities Act § 5"
364,"15 U.S.C. § 80a-7"
366,"18 U.S.C. § 1964"
366,Conversion
366,"Unjust enrichment"
366,"Constructive Trust"
366,Conspiracy
367,"Aiding and Abetting"
367,Fraud
367,Negligence
369,Conspiracy
369,"Constructive Trust"
369,Disgorgement
369,"Unjust enrichment"
369,Conversion
369,"18 U.S.C. § 1964"
372,"Cal. Fin. Code § 90000"
372,"Cal. Fin. Code § 90019"
372,"Cal. Fin. Code § 3901"
372,"Cal. Fin. Code § 3401"
373,"Aiding and Abetting"
373,Fraud
373,Negligence
374,"Breach of Contract"
374,"Fraud in the inducement"
374,"Fraudulent Misrepresentation"
375,"CEA § 6(c)(1)"
375,"17 C.F.R. § 180.1"
375,"18 U.S.C. § 1030"
375,"Fraudulent Misrepresentation"
375,"Fraud in the inducement"
375,"Fraudulent Concealment"
375,"Breach of Fiduciary Duty"
375,Conversion
375,"Breach of Contract"
375,"Breach of the Implied Covenant of Good Faith and Fair Dealing"
375,"Unjust enrichment"
380,Negligence
380,"Gross Negligence"
380,"Unjust enrichment"
380,Fraud
380,"Cal. Bus. & Prof. Code § 17200"
380,Conspiracy
380,"Fraudulent Concealment"
382,"Permanent Injunction"
382,"Declaratory Relief"
384,Negligence
384,"Breach of Contract"
384,"N.Y.G.B.L. § 349"
384,"Unjust enrichment"
384,"Declaratory Relief"
384,"Breach of Bailment"
386,"Breach of Contract"
386,"Breach of the Implied Covenant of Good Faith and Fair Dealing"
386,"Quantum Meruit"
386,"Unjust enrichment"
386,"Promissory Estoppel"
386,"Negligent misrepresentation"
386,"Fraud in the inducement"
386,"17 C.F.R. § 240.10b-5"
389,"17 C.F.R. § 240.10b-5"
389,"Exchange Act § 20(a)"
389,"Breach of Contract"
389,Conversion
389,"Unjust enrichment"
389,Fraud
390,"15 U.S.C. § 78j(b)"
390,"15 U.S.C. § 78ff"
390,"18 U.S.C. § 1014"
390,"18 U.S.C. § 1028A(a)(l)"
390,"18 U.S.C. § 1028A(b)"
390,"18 U.S.C. § 1343"
390,"17 C.F.R. § 240.10b-5"
391,"15 U.S.C. § 78j(b)"
391,"15 U.S.C. § 77e(a)"
391,"15 U.S.C. § 77e(c)"
391,"Securities Act § 17(a)(1)"
391,"Securities Act § 17(a)(3)"
392,"11 U.S.C. § 502(d)"
392,"11 U.S.C. § 544(b)"
392,"11 U.S.C. § 547(b)"
392,"11 U.S.C. § 548(a)"
392,"11 U.S.C. § 550"
392,"N.Y.D.C.L. § 276"
392,"N.Y.D.C.L. § 274(b)"
396,Negligence
396,"Breach of Contract"
396,"Breach of Fiduciary Duty"
396,"Unjust enrichment"
396,"Breach of Confidence"
397,"Declaratory Judgment"
397,"17 C.F.R. § 240.10b-5"
397,"California Corp. Code § 25401"
397,"Cal. Corp. Code § 25501"
398,Negligence
398,"Breach of Contract"
398,"5 U.S.C. § 706"
398,"Unjust enrichment"
398,"Breach of Fiduciary Duty"
398,"Breach of Confidence"
400,Negligence
400,"Breach of Contract"
400,"Unjust enrichment"
400,"Breach of Fiduciary Duty"
400,"Breach of Confidence"
401,Negligence
401,"Breach of the Implied Covenant of Good Faith and Fair Dealing"
401,"Unjust enrichment"
401,"Breach of Fiduciary Duty"
401,"Breach of Confidence"
403,Negligence
403,"Breach of Contract"
403,"Breach of Confidence"
403,"Unjust enrichment"
403,"Breach of Fiduciary Duty"
404,"Breach of Fiduciary Duty"
404,Fraud
404,"Unjust enrichment"
405,"Breach of Contract"
405,Conversion
405,"Unjust enrichment"
405,"Cal. Penal Code § 496"
405,"Cal. Penal Code § 484"
405,"Cal. Bus. & Prof. Code § 17200"
406,"Securities Act § 17(a)"
406,"15 U.S.C. § 78j(b)"
407,Fraud
407,"Aiding and Abetting"
407,Conspiracy
407,"Tortious Interference"
407,"N.Y.G.B.L. § 349"
407,"Cal. Consumer Legal Remedies Act § 1750"
407,"Conn. Gen. Stat. § 42-110b"
408,"Cal. Bus. & Prof. Code § 17200"
408,"Fla. Stat. § 501.201"
408,"ORS 646.607"
408,"Unjust enrichment"
409,"15 U.S.C. § 78j(b)"
409,"Securities Act § 5(a)"
409,"Securities Act § 5(c)"
409,"Unjust enrichment"
410,"Securities Act § 12(a)(1)"
410,"Securities Act § 5(a)"
410,"Securities Act § 5(c)"
410,"Securities Act § 2(a)(1)"
410,"17 C.F.R. § 240.10b-5"
410,"N.Y.G.B.L. § 349"
410,"N.Y.G.B.L. § 350"
410,Fraud
410,"Negligent misrepresentation"
410,"Unjust enrichment"
411,"Securities Act § 12(a)(1)"
411,"Securities Act § 5"
411,"Exchange Act § 10(b)"
411,"Securities Act § 15"
411,"Exchange Act § 20"
411,"N.Y.G.B.L. § 349"
411,"N.Y.G.B.L. § 350"
411,Fraud
411,"Negligent misrepresentation"
411,"Unjust enrichment"
412,"Breach of Contract"
412,"Unjust enrichment"
412,Fraud
412,"Fraud in the inducement"
413,"ORS 59.055"
413,"ORS 59.115(1)(a)"
413,"ORS 59.255(1)"
413,"ORS 59.255(3)"
413,"ORS 59.255(2)"
413,"ORS 59.255(4)(b)"
413,"ORS 59.255(4)(a)"
413,"ORS 59.115(3)"
415,"18 U.S.C. § 1962(c)"
415,"18 U.S.C. § 1962(d)"
415,"Cal. Bus. & Prof. Code § 17200"
415,"M.G.L. 93A § 2"
415,Conversion
415,"Aiding and Abetting"
418,"Cal. Bus. & Prof. Code § 17200"
418,"Breach of Contract"
418,"Unjust enrichment"
419,"17 C.F.R. § 240.10b-5"
419,"Exchange Act § 20(a)"
420,"18 U.S.C § 1348"
422,"Fraudulent Misrepresentation"
422,"Constructive Fraud"
422,"Fraudulent Concealment"
422,"Breach of Fiduciary Duty"
422,"Aiding and Abetting"
422,"Breach of Contract"
422,Misappropriation
422,"Tortious Interference"
422,"Unjust enrichment"
423,"N.Y.G.B.L. § 349"
423,"N.Y.G.B.L. § 359"
423,"Negligent misrepresentation"
423,"Unjust enrichment"
430,"18 U.S.C. § 1960(2)"
431,"18 U.S.C. § 1343"
431,"18 U.S.C. § 1349"
433,"Patent Infringement"
434,"Securities Act § 5(a)"
434,"Securities Act § 12(a)(1)"
434,"Securities Act § 15"
435,"Cal. Consumer Legal Remedies Act § 1750"
435,"Breach of Fiduciary Duty"
435,Fraud
436,"18 U.S.C. § 1030"
436,"18 U.S.C. § 2510"
436,Fraud
436,Conversion
436,"Unjust enrichment"
436,"Constructive Trust"
436,"Cal. Penal Code § 496"
437,"Securities Act § 5(a)"
437,"Securities Act § 17(a)(2)"
437,"Securities Act § 5(b)"
437,"Exchange Act § 10(b)"
437,"17 C.F.R. § 240.10b-5(a)"
438,"Securities Act § 17"
439,"Securities Act § 17(a)(1)"
439,"Securities Act § 17(a)(3)"
439,"Exchange Act § 10(b)"
439,"17 C.F.R. § 240.10b-5(a)"
440,"Securities Act § 5(a)"
440,"Securities Act § 12(a)(1)"
440,"Securities Act § 15"
441,"Declaratory Judgment"
441,"First Amendment"
441,"Fifth Amendment"
442,"18 U.S.C. §1962 (c)"
442,"18 U.S.C. § 1962(d)"
442,Conversion
442,"Aiding and Abetting"
443,"18 U.S.C. § 1956(a)(1)(B)(i)"
443,"18 U.S.C. § 1960(2)"
444,"Breach of Fiduciary Duty"
444,"31 P.R. Laws Ann. § 5141"
444,Fraud
444,"Unjust enrichment"
445,"Securities Act § 5(a)"
445,"Securities Act § 12(a)(1)"
446,"15 U.S.C. § 2"
446,"Mistake of Fact"
446,"Cal. Bus. & Prof. Code § 17200"
446,"Intentional Interference with
Prospective Economic Advantage"
446,Libel
447,"Securities Act § 5"
447,"Securities Act § 12(a)(1)"
447,"Securities Act § 2"
448,"Breach of Contract"
449,"Breach of Contract"
449,"Enforcement of Security Interest"
449,"Appointment of Receiver"
450,"Not Applicable"
450,"5 U.S.C. § 706(2)(A)"
450,"5 U.S.C. § 706(2)(C)"
450,"5 U.S.C. § 706(2)(D)"
451,Defamation
452,"Fourteenth Amendment"
452,"United States Constitution, Article I (Commerce Clause)"
452,"United States Constitution, Article VI (Supremacy Clause)"
452,"Fifth Amendment"
453,"Securities Act § 5"
453,"Securities Act § 12(a)(1)"
453,"Securities Act § 12(a)(2)"
453,"Securities Act § 15(a)"
453,"17 C.F.R. § 240.10b-5(b)"
453,"California Corp. Code § 25401"
453,"California Corp. Code § 25110"
453,Fraud
453,"Aiding and Abetting"
453,"Unjust enrichment"
454,"18 U.S.C. § 981(a)(l)(C)"
454,"18 U.S.C. § 1343"
454,"18 U.S.C. § 1960"
454,"18 U.S.C. § 982"
454,"28 U.S.C. § 2461"
455,"G.L.C. 93A § 11"
456,Fraud
456,Conspiracy
456,"Breach of Contract"
456,"Breach of Fiduciary Duty"
457,"Declaratory Judgment"
457,"Breach of Contract"
458,"Exchange Act § 15(a)"
459,"18 U.S.C. § 371"
459,"18 U.S.C. § 1028A(a)(l)"
459,"18 U.S.C. § 1029(a)(l)"
459,"18 U.S.C. § 981"
459,"21 U.S.C. § 853(p)"
459,"28 U.S.C. § 2461(c)"
460,"Securities Act § 17(a)(1)"
460,"Securities Act § 17(a)(3)"
460,"Exchange Act § 9(a)(2)"
460,"Exchange Act § 10(b)"
460,"17 C.F.R. § 240.10b-5(a)"
460,"17 C.F.R. § 240.10b-5(c)"
461,"Securities Act § 17(a)(1)"
461,"Securities Act § 17(a)(3)"
461,"Exchange Act § 9(a)(2)"
461,"Exchange Act § 10(b)"
461,"17 C.F.R. § 240.10b-5(a)"
461,"17 C.F.R. § 240.10b-5(c)"
462,"Securities Act § 5(a)"
462,"Securities Act § 5(c)"
462,"Securities Act § 17(a)(1)"
462,"Securities Act § 17(a)(3)"
462,"Exchange Act § 9(a)(2)"
462,"Exchange Act § 10(b)"
462,"17 C.F.R. § 240.10b-5(a)"
462,"17 C.F.R. § 240.10b-5(c)"
463,Fraud
463,"Unjust enrichment"
463,"N.Y.G.B.L. § 349"
464,"Securities Act § 5(a)"
464,"Securities Act § 5(c)"
464,"Securities Act § 17(a)"
464,"Exchange Act § 9(a)(2)"
464,"Exchange Act § 10(b)"
464,"17 C.F.R. § 240.10b-5(a)"
464,"17 C.F.R. § 240.10b-5(b)"
464,"17 C.F.R. § 240.10b-5(c)"
465,"Securities Act § 17(a)"
465,"Securities Act § 17(a)(3)"
465,"Exchange Act § 9(a)(2)"
465,"Exchange Act § 10(b)"
465,"17 C.F.R. § 240.10b-5(a)"
465,"17 C.F.R. § 240.10b-5(b)"
465,"17 C.F.R. § 240.10b-5(c)"
466,"Patent Infringement"
467,"Breach of Fiduciary Duty"
467,"Gross Negligence"
467,Fraud
467,"Unjust enrichment"
468,"18 U.S.C. § 371"
468,"18 U.S.C. § 981(a)(l)(C)"
468,"28 U.S.C. § 2461"
469,"Securities Act § 5(a)"
469,"Securities Act § 5(c)"
469,"Exchange Act § 15(a)"
470,"Securities Act § 5(a)"
470,"Securities Act § 5(c)"
470,"Securities Act § 17(a)(2)"
470,"Securities Act § 17(a)(3)"
471,"18 U.S.C. § 371"
471,"18 U.S.C. § 1343"
471,"18 U.S.C. § 1956 (h)"
472,"26 U.S.C § 7201"
472,"18 U.S.C § 241"
473,"18 U.S.C. § 2333(d)(2)"
474,"N.Y.G.B.L. § 349"
474,"Breach of Warranty"
474,"Fla. Stat. § 517.07"
474,"Fla. Stat. § 501.201"
474,"Unjust enrichment"
475,"18 U.S.C. § 371"
475,"18 U.S.C. § 1343"
475,"18 U.S.C. § 981(a)(l)(C)"
475,"28 U.S.C. § 2461"
476,"18 U.S.C. § 371"
476,"15 U.S.C. § 78i(a)(2)"
476,"15 U.S.C. § 78ff(a)"
476,"18 U.S.C. § 1343"
476,"18 U.S.C. § 981(a)(l)(C)"
476,"28 U.S.C. § 2461"
476,"18 U.S.C. § 982(A)(1)"
477,"Securities Act § 5(a)"
477,"Securities Act § 5(c)"
477,"Securities Act § 17(a)(3)"
477,"Securities Act § 15(a)"
478,"Securities Act § 5(a)"
478,"Securities Act § 5(c)"
478,"Securities Act § 17(a)"
478,"Exchange Act § 10(b)"
479,"Securities Act § 17(a)"
479,"Securities Act § 17(a)(1)"
479,"Securities Act § 17(a)(3)"
479,"Exchange Act § 10(b)"
479,"17 C.F.R. § 240.10b-5"
479,"17 C.F.R. § 240.10b-5(a)"
479,"17 C.F.R. § 240.10b-5(c)"
480,"Securities Act § 5(b)"
480,"Securities Act § 5(c)"
481,"18 U.S.C. § 1349"
481,"18 U.S.C. § 1029(b)(2)"
481,"18 U.S.C. § 1956 (h)"
482,"6 Del. Code § 3-309"
482,"6 Del. Code § 8-405"
482,"Cal. Com. Code § 8405"
482,"Unjust enrichment"
483,Negligence
483,"R.C. § 2307.71"
483,"Premises Liability"
483,"R.C. § 1345.01"
484,"CEA § 4(a)"
485,"CEA § 4d(a)(1)"
486,"CEA § 4d(a)(1)"
487,"CEA § 4d(a)(1)"
488,"CEA § 4d(a)(1)"
489,"Advisers Act § 206(4)"
489,"Advisers Act § 206(4)-2"
489,"Advisers Act § 206(4)-7"
489,"Advisers Act § 206(4)-8"
489,"Advisers Act § 206(4)-2(d)(6)"
490,Conversion
490,"Unjust enrichment"
490,Replevin
490,Fraud
491,"Securities Act § 17(a)"
491,"Exchange Act § 10(b)"
491,"17 C.F.R. § 240.10b-5"
492,"Securities Act § 5(a)"
492,"Securities Act § 5(c)"
492,"Investment Company Act § 7(b)"
493,"52 U.S.C. § 30116"
493,"18 U.S.C. § 30118"
493,"18 U.S.C. § 30109"
494,"18 U.S.C. § 1962(c)"
494,"18 U.S.C. § 1962(d)"
494,"18 U.S.C. § 1960"
494,"18 U.S.C. § 1961(1)(E)"
494,"18 U.S.C. § 1956"
494,"18 U.S.C. § 1957"
494,"18 U.S.C. § 2314"
495,"Securities Act § 5(a)"
495,"Securities Act § 5(c)"
495,"Securities Act § 17(a)(1)"
495,"Securities Act § 17(a)(2)"
495,"Exchange Act § 10(b)"
495,"17 C.F.R. § 240.10b-5"
495,"Exchange Act § 15(a)"
496,"Breach of Fiduciary Duty"
496,"Unjust enrichment"
496,Conversion
497,"Grand Larceny"
497,"N.Y. Penal Law § 190.65"
498,"18 U.S.C. § 1343"
499,"Declaratory Judgment"
500,"18 U.S.C. § 1343"
501,"Breach of Fiduciary Duty"
501,"Negligent misrepresentation"
501,Fraud
501,Conspiracy
501,"15 U.S.C. § 78j(b)"
502,"Securities Act § 17(a)"
502,"Securities Act § 17(a)(2)"
502,"Securities Act § 17(a)(3)"
502,"Exchange Act § 10(b)"
502,"17 C.F.R. § 240.10b-5(a)"
502,"Exchange Act § 13(a)"
502,"17 C.F.R. § 240.12(b)-20"
502,"17 C.F.R. § 240.13(a)"
502,"17 C.F.R. § 240.13(a)-1"
502,"17 C.F.R. § 240.13(a)-11"
502,"17 C.F.R. § 240.13(a)-13"
502,"17 C.F.R. § 240.13b2-1"
502,"17 C.F.R. § 240.13b2-2(a)"
502,"17 C.F.R. § 240.13b2-2(b)"
503,"Securities Act § 5(a)"
503,"Securities Act § 5(c)"
503,"Securities Act § 15(a)"
504,"Libel Per Se"
505,"18 U.S.C. § 1343"
505,"18 U.S.C. § 981(a)(l)(C)"
505,"28 U.S.C. § 2461"
506,"18 U.S.C. § 371"
506,"18 U.S.C. § 1343"
506,"18 U.S.C. § 981(a)(l)(C)"
506,"28 U.S.C. § 2461"
507,"11 U.S.C. Chapter 15"
508,"18 U.S.C. § 981(a)(1)(A)"
508,"18 U.S.C. § 981(a)(l)(C)"
509,"Enforcement of Order"
509,"Violation of Trade Secrets"
509,Misappropriation
509,"Tortious Interference"
509,"Unjust enrichment"
509,Replevin
510,"N.Y.G.B.L. § 352"
510,"N.Y.G.B.L. § 353"
510,"N.Y.G.B.L. § 359"
510,"N.Y. Executive Law § 63(12)"
510,"N.Y. Education Law § 224"
511,"Cal. Corp. Code § 25210"
511,"Cal. Corp. Code § 25503"
511,"Cal. Bus. & Prof. Code § 17200"
511,"Fla. Stat. § 517.07"
511,"Fla. Stat. § 517.211"
511,"Fla. Stat. § 517.301"
511,"Fla. Stat. § 772"
511,"Fla. Stat. § 501.211(1)"
512,"11 U.S.C. Chapter 11"
513,"Cal. Consumer Legal Remedies Act § 1750"
513,"Cal. Bus. & Prof. Code § 17200"
513,"Securities Act § 17(a)(1)"
513,"CEA § 4o"
513,"CEA § 22(a)(1)"
514,"CEA § 4d(a)(1)"
515,"18 U.S.C. § 371"
515,"18 U.S.C. § 981(a)(l)(C)"
515,"18 U.S.C. § 982(A)(1)"
515,"28 U.S.C. § 2461"
516,"California Corp. Code § 25110"
516,"Cal. Corp. Code § 25503"
516,"Cal. Corp. Code § 25210"
516,"Cal. Bus. & Prof. Code § 17200"
516,"Fla. Stat. § 517.07"
516,"Fla. Stat. § 517.211"
516,"Libel Per Se"
516,"Fla. Stat. § 772"
516,"Fla. Stat. § 501.211(1)"
518,"18 U.S.C. § 981(a)(l)(C)"
518,"28 U.S.C. § 2461(c)"
519,"5 U.S.C. § 706(2)(C)"
519,"5 U.S.C. § 706(2)(D)"
519,"5 U.S.C. § 706(2)(A)"
519,"5 U.S.C. § 701"
519,"N.Y. Penal Law §140.25(2)"
519,"5 U.S.C. § 703"
519,"5 U.S.C.§ 702"
519,"5 U.S.C.§ 705"
519,"5 U.S.C. § 706"
520,"Breach of Contract"
520,"Breach of the Implied Covenant of Good Faith and Fair Dealing"
520,"Declaratory Judgment"
521,"Exchange Act § 5(a)"
521,"Exchange Act § 5(c)"
521,"Exchange Act § 10(b)"
521,"Exchange Act § 20(b)"
521,"Exchange Act § 20(d)"
521,"Exchange Act § 22(a)"
521,"Securities Act § 17(a)"
521,"Securities Act § 21(d)"
521,"Securities Act § 21(e)"
521,"Securities Act § 27(a)"
522,"5 U.S.C. § 553"
522,"5 U.S.C. § 706"
523,"28 U.S.C. § 1332"
523,"28 U.S.C. § 1446"
523,"28 U.S.C. § 1441"
523,"28 U.S.C. § 1453"
524,"Mass. Gen. Laws Ch. 149"
525,"18 U.S.C. § 1956 (h)"
525,"18 U.S.C. § 1956(a)(1)(B)(i)"
525,"18 U.S.C. § 1956(a)(2)(B)(i)"
526,"18 U.S.C. § 1962(c)"
526,"18 U.S.C. § 1962(d)"
526,"Breach of Contract"
527,"Declaratory Judgment"
527,"5 U.S.C. § 553"
527,"5 U.S.C. § 701"
528,"18 U.S.C. § 981(a)(1)(C)"
528,"18 U.S.C. § 982(b)(1)"
528,"18 U.S.C. § 1343"
528,"18 U.S.C. § 1956(a)(1)(B)(i)-(ii)"
528,"18 U.S.C. § 1957(a)"
529,"18 U.S.C. § 1343"
530,"Exchange Act § 10(b)"
530,"Exchange Act § 15(a)"
530,"17 C.F.R. § 240.10b-5(a)"
530,"Securities Act § 5(a)"
530,"Securities Act § 5(c)"
530,"Securities Act § 17(a)"
531,"5 U.S.C. § 701"
532,"Exchange Act § 5"
532,"Exchange Act § 15(a)(1)"
533,"Exchange Act § 15(a)"
533,"Exchange Act § 15(b)"
534,Defamation
535,"N.Y. Banking Law § 44"
535,"23 N.Y.C.R.R. § 200.15(c)(1)"
535,"23 N.Y.C.R.R. § 200.18"
535,"23 N.Y.C.R.R. § 200.10"
536,"Tortious Interference"
536,Misappropriation
536,"Unfair Competition"
536,"Breach of Contract"
537,"18 U.S.C. § 1960(a)"
537,"18 U.S.C. § 1956(a)(1)(A)(i)"
538,"Declaratory Judgment"
539,Conspiracy
539,"Aiding and Abetting"
539,Fraud
539,"Breach of Fiduciary Duty"
539,"18 U.S.C. § 1962(d)"
540,"18 U.S.C. § 1341"
540,"26 U.S.C § 7201"
540,"26 U.S.C. § 7206(1)"
541,"18 U.S.C. § 371"
541,"18 U.S.C. § 1030"
541,"18 U.S.C. § 1342"
541,"18 U.S.C. § 1956 (h)"
541,"18 U.S.C. § 1960(a)-(b)"
542,"18 U.S.C. § 371"
542,"18 U.S.C. § 981(a)(1)(C)"
542,"18 U.S.C. § 1343"
542,"18 U.S.C. § 1349"
542,"18 U.S.C. § 956(a)(2)(A)"
542,"28 U.S.C. § 2461(c)"
542,"15 U.S.C. § 78j(b)"
542,"15 U.S.C. § 78ff"
542,"17 C.F.R. § 240.10b-5(a)"
543,"Exchange Act § 10(b)"
543,"Exchange Act § 20(a)"
543,"17 C.F.R. § 240.10b-5"
544,"18 U.S.C. § 371"
546,"26 U.S.C. § 7206(1)"
546,"31 U.S.C. § 5324(a)(3)"
547,"18 U.S.C. § 1962(d)"
547,"N.J.S.A. § 2A:16-51"
547,"N.J.S.A § 49:3-60"
547,"N.J.S.A. § 56:8-1"
547,"Fla. Stat. § 501.201"
547,"Fla. Stat. § 517.07"
547,"R.C. § 2307.71"
548,"18 U.S.C. § 981(a)(l)(C)"
548,"18 U.S.C. § 982(a)(2)(B)"
548,"18 U.S.C. § 1349"
548,"18 U.S.C. § 3238"
548,"18 U.S.C. § 1030(a)(5)(A)"
548,"18 U.S.C. § 1030(a)(7)(B)"
548,"18 U.S.C. § 1030(a)(7)(C)"
548,"18 U.S.C. § 1030(c)(4)(B)(i)"
548,"18 U.S.C. § 1030(c)(S)(A)"
548,"18 U.S.C. § 1030(i)"
548,"21 U.S.C. § 853(p)"
548,"28 U.S.C. § 2461"
549,"Aiding and Abetting"
549,"18 U.S.C. § 2333(d)(2)"
549,"18 U.S.C. § 2333(a)"
549,"18 U.S.C § § 2339A"
549,"18 U.S.C § 2339B(a)(1)"
550,Defamation
550,"Tortious Interference"
551,"11 U.S.C. Chapter 11"
553,"CEA § 6(c)(1)"
553,"17 C.F.R. § 180.1(a)(1)"
553,"17 C.F.R. § 180.1(a)(3)"
554,"18 U.S.C. § 371"
554,"15 U.S.C. § 78i(a)(2)"
554,"15 U.S.C. § 78ff(a)"
554,"18 U.S.C. § 981(a)(1)(C)"
554,"28 U.S.C. § 2461"
554,"18 U.S.C. § 982(A)(1)"
559,"N.Y.G.B.L. § 349"
559,"Unjust enrichment"
560,"23 N.Y.C.R.R. § 200.15"
560,"23 N.Y.C.R.R. § 500.17(b)"
560,"23 N.Y.C.R.R. § 200.14(b)"
560,"23 N.Y.C.R.R. § 200.16(a)"
560,"23 N.Y.C.R.R. § 200.16(b)"
560,"23 N.Y.C.R.R. § 200.16(d)"
560,"23 N.Y.C.R.R. § 200.17"
560,"23 N.Y.C.R.R. § 200.19"
560,"23 N.Y.C.R.R. § 500.2"
560,"23 N.Y.C.R.R. § 500.3"
560,"23 N.Y.C.R.R. § 500.4"
560,"23 N.Y.C.R.R. § 500.7"
560,"23 N.Y.C.R.R. § 500.9"
560,"23 N.Y.C.R.R. § 500.13"
560,"23 N.Y.C.R.R. § 500.16(b)(6)"
561,"Breach of Fiduciary Duty"
561,"N.Y.G.B.L. § 349"
561,Negligence
561,"Fraud in the inducement"
561,Fraud
561,Recklessness
561,"Prima Facia Tort"
562,"Securities Act § 5(a)"
562,"Securities Act § 5(c)"
562,"Investment Company Act § 7(a)"
563,"Securities Act § 5(a)"
563,"Securities Act § 5(c)"
563,"Investment Company Act § 7(a)"
564,"18 U.S.C. § 371"
564,"18 U.S.C. § 981(a)(1)(C)"
564,"28 U.S.C. § 2461"
565,"18 U.S.C. § 1349"
565,"18 U.S.C. § 1956 (h)"
566,"Securities Act § 5"
566,"Securities Act § 12(a)(1)"
567,"Breach of Contract"
567,"Unjust enrichment"
567,Conversion
567,"Fraudulent Concealment"
567,"18 U.S.C. § 1962(a)"
568,"Exchange Act § 5"
568,"Exchange Act § 15(a)"
568,"Exchange Act § 17A(b)"
569,"18 U.S.C. § 981(a)(1)(A)"
569,"18 U.S.C. § 1956"
569,"18 U.S.C. § 1957"
569,"18 U.S.C. § 1960"
570,"Breach of Fiduciary Duty"
570,"Unjust enrichment"
570,"Securities Act § 11"
570,"Exchange Act § 21(d)"
570,"Corporate Waste"
570,"Aiding and Abetting"
571,"18 U.S.C § 1348"
571,"18 U.S.C. § 1349"
571,"18 U.S.C. § 1956 (h)"
572,"31 U.S.C. § 5318(h)"
572,"31 U.S.C. § 5322(b)"
572,"31 U.S.C. § 5322(c)"
572,"31 U.S.C. § 5322(e)"
572,"18 U.S.C. § 1960(a)"
572,"18 U.S.C. § 1960(b)(1)(B)"
572,"50 U.S.C. § 1705"
573,"11 U.S.C. Chapter 11"
574,"N.Y.G.B.L. § 352"
574,"N.Y. Executive Law § 63(12)"
574,"N.Y. Penal Law § 190.65"
574,"N.Y. Penal Law § 105.05"
575,"Breach of Contract"
575,"Tortious Interference"
575,"Breach of Fiduciary Duty"
575,"Aiding and Abetting"
575,"Unjust enrichment"
576,"CEA § 6(c)(1)"
576,"CEA § 4o(1)(A)"
576,"CEA § 4k(2)"
576,"CEA § 4m(1)"
576,"17 C.F.R. § 4.21"
576,"17 C.F.R. § 180.1(a)(2)"
577,"Securities Act § 5(a)"
577,"Securities Act § 5(c)"
578,Conversion
578,"Trespass to Chattels"
578,"Intentional Interference with
Prospective Economic Advantage"
578,"Breach of Contract"
578,"Breach of the Implied Covenant of Good Faith and Fair Dealing"
578,"Breach of Fiduciary Duty"
578,"Unjust enrichment"
578,Conspiracy
578,"Violation of Trade Secrets"
578,"18 U.S.C. § 1830"
578,"Nev. Rev. Stat. § 600A.010"
579,"CEA § 4(a)"
579,"CEA § 4d(a)(1)"
579,"CEA § 5h(a)(1)"
580,"CEA § 4(a)"
581,"CEA § 4(a)"
581,"CEA § 4d(a)(1)"
581,"CEA § 5h(a)(1)"
581,"17 C.F.R. § 37.3(a)(1)"
581,"17 C.F.R. § 42.2"
582,"Securities Act § 5(a)"
582,"Securities Act § 5(c)"
583,"11 U.S.C. § 542(b)"
584,"N.Y. Penal Law §140.25(2)"
584,"5 U.S.C. § 703"
584,"5 U.S.C.§ 702"
584,"5 U.S.C. § 706"
584,"15 U.S.C. § 80b–13(a)"
585,"Breach of Fiduciary Duty"
585,"Corporate Waste"
585,"Unjust enrichment"
585,"Wyo. Stat. Ann. § 17-16-809"
585,"Wyo. Stat. Ann. § 17-17-140"
585,"Wyo. Stat. Ann. § 17-17-141"
585,"Breach of Contract"
585,Conversion
586,"Breach of Fiduciary Duty"
586,Conversion
586,Fraud
586,"Unjust enrichment"
586,"Books and Records Accounting"
586,"Removal of Director (Derivative)"
587,"CEA § 4b(a)(2)(B)"
587,"17 C.F.R. § 5.2(b)(3)"
587,"17 C.F.R. §  5.3(a)(6)(ii)"
587,"CEA § 4b(a)(2)(C)"
587,"CEA § 4b(a)(2)(A)"
587,"7 U.S.C. § 2(c)(2)(C)(iii)(I)"
588,"Securities Act § 5(a)"
588,"Securities Act § 5(c)"
589,"18 U.S.C. § 1956 (h)"
589,"18 U.S.C. § 1960(b)(1)(B)"
589,"18 U.S.C. § 1960 (b)(1)(C)"
589,"18 U.S.C. § 371"
589,"50 U.S.C. § 1750"
590,"Advisers Act § 206(4)-1"
591,"18 U.S.C. § 1349"
592,"Breach of Contract"
594,"Exchange Act § 10(b)"
594,"N.Y. Penal Law § 135.20"
594,"17 C.F.R. § 240.10b-5(c)"
594,"Exchange Act § 17(a)(1)"
594,"Exchange Act § 17(a)(3)"
594,"Securities Act § 5(a)"
594,"Securities Act § 5(c)"
595,"Securities Act § 5(a)"
595,"Securities Act § 5(c)"
595,"Securities Act § 17(a)(1)"
595,"Securities Act § 17(a)(2)"
595,"Securities Act § 17(a)(3)"
595,"Exchange Act § 10(b)"
595,"17 C.F.R. § 240.10b-5(a)"
595,"17 C.F.R. § 240.10b-5(c)"
596,"CEA § 4b(a)(2)(A)"
596,"CEA § 4m(1)"
596,"CEA § 4o(1)(A)"
596,"17 C.F.R. § 5.3(a)(6)(I)"
596,"18 U.S.C. § 1962(a)"
596,"CEA § 4o(1)(B)"
596,"17 C.F.R. § 4.20(a)(1)"
596,"17 C.F.R. § 4.20(c)"
596,"17 C.F.R. § 4.21(a)(1)"
596,"18 U.S.C. § 981(a)(l)(C)"
596,"18 U.S.C. § 1343"
597,"Securities Act § 5(a)"
597,"Securities Act § 5(c)"
598,"Exchange Act § 10(b)"
598,"17 C.F.R. § 240.10b-5(a)"
598,"Securities Act § 5"
598,"Securities Act § 17(a)"
599,"Securities Act § 17(a)(1)"
599,"Exchange Act § 10(b)"
599,"17 C.F.R. § 240.10b-5"
599,"Exchange Act § 9(a)(2)"
600,"Exchange Act § 9(a)(2)"
600,"15 U.S.C. § 78j(b)"
600,"15 U.S.C. § 78ff"
600,"18 U.S.C. § 2"
600,"18 U.S.C. § 1343"
600,"7 U.S.C. § 9(1)"
600,"7 U.S.C. § 13(a)(5)"
600,"18 U.S.C. § 371"
601,"18 U.S.C. § 1349"
601,"18 U.S.C. § 1956 (h)"
602,Fraud
602,"Aiding and Abetting"
603,"18 U.S.C. § 1349"
603,"18 U.S.C. § 1956 (h)"
603,"18 U.S.C. § 371"
604,"Breach of Fiduciary Duty"
604,"Aiding and Abetting"
604,Negligence
604,"Corporate Waste"
604,"Fraudulent Transfer"
604,"11 U.S.C. § 502(d)"
605,"CEA § 4b(a)(2)(A)"
605,"CEA § 4c(b)"
606,"CEA § 6(c)(1)"
606,"17 C.F.R. § 180.1(a)(2)"
606,"CEA § 4b(a)(2)(A)"
606,"CEA § 4b(a)(2)(C)"
606,"17 C.F.R. § 5.2(b)(3)"
606,"CEA § 2(c)(2)(C)(iii)(I)(cc)"
606,"CEA § 4o(1)(A)"
606,"17 C.F.R. § 5.3(a)(6)(I)"
606,"18 U.S.C. § 1962(a)"
606,"CEA § 4o(1)(B)"
606,"17 C.F.R. § 5.3(a)(2)(i)"
606,"CEA § 4m(1)"
606,"17 C.F.R. § 4.21(a)(1)"
606,"17 C.F.R. § 5.2(b)(1)-(3)"
607,Negligence
608,Fraud
608,Conspiracy
608,"Exchange Act § 10(b)"
608,"Cal. Corp. Code § 25503"
608,"Cal. Corp. Code § 25501"
608,"Cal. Bus. & Prof. Code § 17500"
611,"S.C. Code Ann. § 35-1-101"
612,"CEA § 6(c)(1)"
612,"CEA § 4b"
613,"CEA § 6(c)(1)"
613,"CEA § 4b"
616,"Exchange Act § 5"
616,"Exchange Act § 15(a)"
616,"Exchange Act § 17A(b)"
616,"Exchange Act § 20(a)"
616,"Securities Act § 5(a)"
616,"Securities Act § 5(c)"
617,"California Corp. Code § 25110"
617,"Cal. Corp. Code § 25019"
618,"Exchange Act § 9(a)(2)"
618,"Exchange Act § 5"
618,"Exchange Act § 17A(b)"
618,"Exchange Act § 20(a)"
618,"Securities Act § 5(a)"
618,"Securities Act § 5(c)"
618,"Securities Act § 17(a)(2)"
618,"Securities Act § 17(a)(3)"
619,Fraud
619,Replevin
619,"Permanent Injunction"
619,"Breach of Contract"
619,"Breach of Fiduciary Duty"
619,"ETFA Regulation E"
619,"N.Y.G.B.L. § 349"
619,"Aiding and Abetting"
620,"18 U.S.C. § 982(a)(l)"
620,"18 U.S.C. § 1956(a)(3)(B)"
620,"18 U.S.C. § 1960(a)"
620,"18 U.S.C. § 1960(b)(1)(B)"
620,"18 U.S.C. § 1960 (b)(1)(C)"
621,"N.Y.G.B.L. § 352"
621,"N.Y. Executive Law § 63(12)"
622,"Securities Act § 5"
622,"12 U.S.C. § 1957"
622,"Securities Act § 15"
623,"Breach of Fiduciary Duty"
623,"Unjust enrichment"
624,"740 I.L.C.S. § 14/15(a)"
624,"740 I.L.C.S. § 14/15(b)"
624,"740 I.L.C.S. § 14/15(c)"
624,"740 I.L.C.S. § 14/15(d)"
625,"Not Applicable"
626,"Securities Act § 5(a)"
626,"Securities Act § 5(c)"
626,"Securities Act § 17(a)"
626,"Exchange Act § 10(b)"
626,"17 C.F.R. § 240.10b-5"
627,"18 U.S.C. § 1343"
627,"18 U.S.C. § 3238"
627,"18 U.S.C. § 2"
627,"18 U.S.C. § 1029(a)(2)"
627,"18 U.S.C. §§ 1029(a)(5)"
627,"18 U.S.C. § 1028A(a)(l)"
627,"18 U.S.C. § 1028A(b)"
628,"28 U.S.C. § 1651"
629,"18 U.S.C. § 371"
629,"18 U.S.C. § 1349"
629,"18 U.S.C. § 1343"
629,"18 U.S.C. § 2"
629,"18 U.S.C. § 982(a)"
629,"28 U.S.C. § 2461(c)"
630,"18 U.S.C. § 371"
631,"Exchange Act § 5"
631,"Exchange Act § 15(a)"
631,"Exchange Act § 17A(b)"
633,"15 U.S.C. § 77q(a)"
633,"15 U.S.C. § 78j(b)"
633,"17 C.F.R. § 240.10b-5"
633,"15 U.S.C. § 77e(a)"
633,"15 U.S.C. § 77e(c)"
633,"Securities Act § 5(e)"
633,"15 U.S.C. § 78f(1)"
634,"CEA § 6(c)(1)"
634,"17 C.F.R. § 32.2"
636,"Fla. Stat. § 517.07"
636,"Fla. Stat. § 501.201"
636,"California Corp. Code § 25110"
636,"Cal. Corp. Code § 25503"
636,"Cal. Corp. Code § 25504.1"
636,"Cal. Bus. & Prof. Code § 17200"
636,Conspiracy
637,"Breach of Contract"
637,"Securities Act § 5"
637,"12 U.S.C. § 1957"
637,"Unjust enrichment"
639,"Securities Act § 5(a)"
639,"Securities Act § 5(c)"
639,"Securities Act § 17(a)"
639,"Exchange Act § 5"
639,"Exchange Act § 10(b)"
639,"17 C.F.R. § 240.10b-5"
639,"Exchange Act § 15(a)"
639,"Exchange Act § 17(a)"
640,"CEA § 4(a)"
640,"17 C.F.R. § 5.3(a)(2)(ii)"
640,"CEA § 4(d)"
640,"17 C.F.R. § 166.3"
640,"17 C.F.R. § 1.6"
640,"CEA § 5h(a)(1)"
640,"17 C.F.R. § 37.3(a)(1)"
640,"CEA § 6(c)(3)"
640,"17 C.F.R. § 42.2"
640,"CEA § 4b(a)(2)(C)"
641,"Breach of Contract"
642,"15 U.S.C. § 77q(a)"
642,"15 U.S.C. § 78j(b)"
642,"17 C.F.R. § 240.10b-5"
642,"15 U.S.C. § 77e(a)"
642,"15 U.S.C. § 77e(c)"
642,"Securities Act § 5(e)"
642,"15 U.S.C. § 78f(1)"
643,"Securities Act § 5(a)"
643,"Securities Act § 5(c)"
643,"Securities Act § 17(a)(1)"
643,"Securities Act § 17(a)(3)"
643,"Securities Act § 17(b)"
643,"Exchange Act § 9(a)(1)"
643,"Exchange Act § 9(a)(2)"
643,"Exchange Act § 10(b)"
643,"17 C.F.R. § 240.10b-5"
644,"23 N.Y.C.R.R. § 200.15(c)(1)"
644,"23 N.Y.C.R.R. § 200.15(c)(2)"
644,"23 N.Y.C.R.R. § 200.15(i)"
644,"23 N.Y.C.R.R. § 500.04(a)"
644,"23 N.Y.C.R.R. § 500.04(b)"
644,"23 N.Y.C.R.R. § 500.09(a)"
645,"Fla. Stat. § 517.07"
645,"Fla. Stat. § 501.201"
645,Conspiracy
645,"Declaratory Judgment"
646,"18 U.S.C. § 1956"
646,"18 U.S.C. § 1960"
646,"18 U.S.C. § 1028(a)(3)"
647,"Breach of Contract"
647,"Unjust enrichment"
647,Conversion
649,"N.Y.G.B.L. § 352"
649,"N.Y. Executive Law § 63(12)"
650,"Securities Act § 5"
650,"Securities Act § 12(a)(1)"
650,"Securities Act § 15"
650,"Exchange Act § 5"
650,"Exchange Act § 15(a)(1)"
650,"Exchange Act § 20"
650,"Exchange Act § 29(b)"
650,"Not Applicable"
651,"Breach of Contract"
651,"Breach of the Implied Covenant of Good Faith and Fair Dealing"
651,"12 U.S.C. § 1958"
651,"Declaratory Judgment"
652,"Securities Act § 5(a)"
652,"Securities Act § 5(c)"
652,"Securities Act § 17(a)(1)"
652,"Securities Act § 17(a)(2)"
652,"Securities Act § 17(a)(3)"
652,"Exchange Act § 10(b)"
652,"17 C.F.R. § 240.10b-5(a)"
652,"Exchange Act § 15(a)(1)"
652,Disgorgement
654,"CEA § 6(c)(1)"
654,"17 C.F.R. § 180.1(a)(3)"
654,"CEA § 4o(1)(A)"
654,"CEA § 5h(a)(1)"
655,"Securities Act § 17(a)(1)"
655,"Securities Act § 17(a)(3)"
655,"Exchange Act § 10(b)"
655,"17 C.F.R. § 240.10b-5(a)"
656,"Breach of Fiduciary Duty"
656,Fraud
656,Conspiracy
657,Fraud
657,Replevin
657,"Permanent Injunction"
657,"Breach of Contract"
657,"Breach of Fiduciary Duty"
657,"ETFA Regulation E"
657,"N.Y.G.B.L. § 349"
658,"Declaratory Judgment"
658,Conversion
658,Replevin
658,"Unjust enrichment"
658,"Trespass to Chattels"
658,"Equitable Subrogation"
659,"Trademark Infringement"
659,"15 U.S.C. § 1125"
659,"Cal. Bus. & Prof. Code § 14200"
659,"Cal. Bus. & Prof. Code § 17200"
659,"Intentional Interference with
Prospective Economic Advantage"
660,"Securities Act § 17(a)(1)"
660,"Securities Act § 17(a)(2)"
660,"Securities Act § 17(a)(3)"
660,"Exchange Act § 10(b)"
660,"Securities Act § 17(b)"
660,"Advisers Act § 206(1)"
660,"Advisers Act § 206(2)"
660,"Unjust enrichment"
662,"N.Y.G.B.L. § 352"
663,"Securities Act § 5"
663,"Securities Act § 12(a)(1)"
663,"Securities Act § 15"
664,Conspiracy
664,"Aiding and Abetting"
664,Fraud
664,Conversion
664,"Breach of Fiduciary Duty"
665,"ETFA Regulation E"
665,"N.Y.G.B.L. § 349"
665,"Breach of Contract"
665,"Breach of Warranty"
665,Negligence
665,"Gross Negligence"
665,"Unjust enrichment"
665,"Negligence Per Se"
665,"Negligent misrepresentation"
666,"18 U.S.C. § 1349"
666,"18 U.S.C. § 981"
667,"Securities Act § 17(a)(2)"
667,"Securities Act § 17(b)"
668,"18 U.S.C. § 1962(d)"
668,Conversion
668,"Breach of Contract"
669,"Securities Act § 5(a)"
669,"Securities Act § 5(c)"
669,"Securities Act § 5(e)"
669,"Securities Act § 17(a)"
669,"Exchange Act § 6(1)"
669,"Exchange Act § 10(b)"
669,"17 C.F.R. § 240.10b-5(a)"
669,"Exchange Act § 20(a)"
670,"Cal. Civ. Proc. Code §1060"
670,"Aiding and Abetting"
670,Conspiracy
670,"Fraud in the inducement"
670,"Not Applicable"
670,"Negligent misrepresentation"
670,"Cal. Corp. Code § 25504.1"
670,"Cal. Bus. & Prof. Code § 17500"
670,"Cal. Bus. & Prof. Code § 17200"
671,"Aiding and Abetting"
671,Fraud
671,"Breach of Fiduciary Duty"
671,"Unjust enrichment"
672,"Securities Act § 5"
672,"Securities Act § 12(a)(1)"
672,"Securities Act § 15"
672,"17 C.F.R. § 240.10b-5"
672,"Unjust enrichment"
673,"Securities Act § 5(a)"
673,"Securities Act § 5(c)"
674,Fraud
674,"Breach of Fiduciary Duty"
674,"Unjust enrichment"
674,"Aiding and Abetting"
675,Fraud
675,"Breach of Contract"
675,"Unjust enrichment"
675,"Tex. Bus. & Com. Code § 17.4"
675,Negligence
675,"Fraudulent Misrepresentation"
675,Conspiracy
677,"17 C.F.R. § 240.10b-5"
677,"Exchange Act § 20(a)"
677,"Securities Act § 11"
677,"Securities Act § 15"
678,Conversion
678,"Fraudulent Misrepresentation"
678,"Unjust enrichment"
678,"Declaratory Judgment"
680,"Exchange Act § 9(a)(2)"
680,"Exchange Act § 10(b)"
680,"17 C.F.R. § 240.10b-5(a)"
680,"17 C.F.R. § 240.10b-5(c)"
681,"Securities Act § 8(a)"
682,"18 U.S.C. § 1960(b)(1)(B)"
682,"18 U.S.C. § 1960 (b)(1)(C)"
682,"18 U.S.C. § 2"
682,"18 U.S.C. § 3551 et seq."
683,"Securities Act § 5(a)"
683,"Securities Act § 5(c)"
684,"CEA § 6(c)(1)"
684,"18 U.S.C. § 1962(a)"
684,"17 C.F.R. § 180.1(a)(3)"
684,"CEA § 4o(1)(A)"
684,"CEA § 5h(a)(1)"
684,"CEA § 4b"
684,"17 C.F.R. § 48.3"
685,"Securities Act § 5"
685,"Securities Act § 12(a)(1)"
685,"Securities Act § 15"
685,"N.Y.G.B.L. § 349"
685,"Fraud in the inducement"
685,"Fraudulent Concealment"
685,"Fraudulent Misrepresentation"
685,"Negligent misrepresentation"
685,"Breach of Contract"
685,"Unjust enrichment"
685,Conspiracy
686,"N.Y.G.B.L. § 352"
686,"N.Y.G.B.L. § 353"
686,"N.Y.G.B.L. § 359"
686,"N.Y. Executive Law § 63(12)"
687,"N.Y. Banking Law § 44"
687,"23 N.Y.C.R.R. § 200.15(i)"
687,"3 N.Y.C.R.R. § 417"
687,"23 N.Y.C.R.R. § 504"
687,"23 N.Y.C.R.R. § 500"
688,"Cal. Bus. & Prof. Code § 17200"
688,"Cal. Bus. & Prof. Code § 17500"
688,"Fraudulent Concealment"
688,"Negligent misrepresentation"
688,"Fraudulent Misrepresentation"
688,Fraud
688,"Breach of Fiduciary Duty"
688,"Aiding and Abetting"
688,Conspiracy
688,Conversion
688,"Unjust enrichment"
688,"Declaratory Judgment"
689,"15 U.S.C. § 78j(b)"
689,"17 C.F.R. § 240.10b-5"
689,"17 C.F.R. § 240.10b-5(c)"
689,"15 U.S.C. § 78i(a)(2)"
690,"18 U.S.C. § 1960"
690,"18 U.S.C. § 2"
690,"18 U.S.C. § 1956 (h)"
691,"Exchange Act § 10(b)"
691,"17 C.F.R. § 240.10b-5(b)"
691,"Securities Act § 5(a)"
691,"Securities Act § 5(c)"
691,"Securities Act § 17(a)"
692,Fraud
692,"Aiding and Abetting"
692,"Breach of Fiduciary Duty"
692,"Unjust enrichment"
693,"CEA § 6(c)(1)"
693,"CEA § 4b"
694,"18 U.S.C. § 1349"
694,"18 U.S.C. § 1343"
694,"18 U.S.C. § 2"
694,"18 U.S.C. § 1956 (h)"
695,"Securities Act § 17(a)"
695,"Exchange Act § 10(b)"
695,"17 C.F.R. § 240.10b-5(a)"
696,"Cal. Bus. & Prof. Code § 17200"
696,"Aiding and Abetting"
696,Conspiracy
696,"17 C.F.R. § 240.10b-5"
696,"Exchange Act § 20(a)"
696,"Securities Act § 12(a)(1)"
696,"Securities Act § 5"
697,"Securities Act § 5"
697,"Securities Act § 12(a)(1)"
698,"18 U.S.C. § 1349"
698,"18 U.S.C. § 1343"
698,"18 U.S.C. § 2"
698,"18 U.S.C. § 1956 (h)"
698,"18 U.S.C. § 1001"
699,"18 U.S.C. § 1343"
699,"18 U.S.C. § 2"
700,Fraud
700,"Unjust enrichment"
700,Conversion
701,"Cal. Bus. & Prof. Code § 17200"
701,"Cal. Bus. & Prof. Code § 17500"
701,"Fraudulent Concealment"
701,Conspiracy
701,"Declaratory Judgment"
702,Fraud
702,"Fraudulent Concealment"
702,"Fraud in the inducement"
702,Conspiracy
702,Negligence
702,"Cal. Bus. & Prof. Code § 17200"
702,"Unjust enrichment"
703,"Not Applicable"
704,"18 U.S.C. § 1962(d)"
704,"18 U.S.C. § 1962(c)"
705,"Patent Infringement"
707,"Fla. Stat. § 517.07"
707,"Fla. Stat. § 501.201"
707,Conspiracy
707,"Declaratory Judgment"
708,"11 U.S.C. Chapter 11"
709,"CEA § 6(c)(1)"
709,"17 C.F.R. § 180.1(a)(3)"
709,"CEA § 4o(1)(A)"
709,"CEA § 5h(a)(1)"
710,"Exchange Act § 15(a)"
710,"Securities Act § 5(a)"
710,"Securities Act § 5(c)"
711,"Exchange Act § 10(b)"
711,"17 C.F.R. § 240.10b-5(b)"
711,"Exchange Act § 15(a)"
711,"Securities Act § 5(a)"
711,"Securities Act § 5(c)"
711,"Securities Act § 17(a)"
712,"Exchange Act § 10(b)"
712,"17 C.F.R. § 240.10b-5(b)"
712,"Securities Act § 5(a)"
712,"Securities Act § 5(c)"
712,"Securities Act § 17(a)(1)"
712,"Securities Act § 17(a)(3)"
713,"18 U.S.C. § 1349"
714,"5 U.S.C. § 706(2)(C)"
714,"5 U.S.C. § 706(2)(A)"
714,"5 U.S.C. § 706(2)(B)"
714,"First Amendment"
715,"Not Applicable"
716,"Patent Infringement"
717,"Patent Infringement"
718,"Securities Act § 17(b)"
719,"18 U.S.C. § 1962(a)"
719,"CEA § 6(c)(2)"
719,"17 C.F.R. § 48.3"
719,"CEA § 6(c)(1)"
719,"CEA § 4b"
719,"CEA § 4(a)"
719,"CEA § 9(a)(2)"
719,"17 C.F.R. § 5.3(a)(2)(ii)"
719,"17 C.F.R. § 1.6"
719,"17 C.F.R. § 42.2"
720,"Securities Act § 5(a)"
720,"Securities Act § 5(c)"
720,"Securities Act § 17(a)"
720,"Exchange Act § 10(b)"
720,"17 C.F.R. § 240.10b-5(b)"
720,"Exchange Act § 20(a)"
720,"5 U.S.C. § 703"
720,"Unjust enrichment"
720,"Aiding and Abetting"
721,"Securities Act § 5(a)"
721,"Securities Act § 5(c)"
721,"Securities Act § 17(a)"
721,"Exchange Act § 9(a)(2)"
721,"Exchange Act § 10(b)"
721,"17 C.F.R. § 240.10b-5(b)"
721,"Exchange Act § 15(a)"
721,"Exchange Act § 20(b)"
722,"California Corp. Code § 25110"
722,"California Corp. Code § 25401"
723,"California Corp. Code § 25110"
723,"California Corp. Code § 25401"
724,"California Corp. Code § 25110"
724,"California Corp. Code § 25401"
725,"California Corp. Code § 25401"
725,"California Corp. Code § 25110"
726,"California Corp. Code § 25110"
726,"California Corp. Code § 25401"
727,"California Corp. Code § 25110"
727,"California Corp. Code § 25401"
728,"California Corp. Code § 25110"
728,"California Corp. Code § 25401"
729,"California Corp. Code § 25110"
729,"California Corp. Code § 25401"
730,"California Corp. Code § 25110"
730,"California Corp. Code § 25401"
731,"California Corp. Code § 25110"
732,"California Corp. Code § 25110"
732,"California Corp. Code § 25401"
733,"Not Applicable"
734,"CEA § 4(a)"
734,"CEA § 4d(a)(1)"
734,"17 C.F.R. § 42.2"
735,"CEA § 4(a)"
735,"17 C.F.R. § 1.6"
735,"17 C.F.R. § 42.2"
736,"Securities Act § 5(a)"
736,"Securities Act § 5(c)"
736,"Securities Act § 17(b)"
737,"Securities Act § 5(a)"
737,"Securities Act § 5(c)"
738,"Exchange Act § 10(b)"
738,"17 C.F.R. § 240.10b-5(b)"
738,"Securities Act § 5(a)"
738,"Securities Act § 5(c)"
738,"Securities Act § 17(a)"
738,"Advisers Act § 206(2)"
738,"Securities Act § 5(e)"
741,"Securities Act § 17(a)"
741,"Exchange Act § 10(b)"
741,"17 C.F.R. § 240.10b-5(b)"
742,"Securities Act § 5(a)"
742,"Securities Act § 5(c)"
742,"Securities Act § 17(c)"
742,"Exchange Act § 20(b)"
742,"17 C.F.R. § 240.10b-5(b)"
742,"Exchange Act § 15(a)"
743,"5 U.S.C. § 706(2)(A)"
743,"5 U.S.C. § 706(2)(C)"
743,"First Amendment"
743,"Fifth Amendment"
753,"Electronic Fund Transfer Act"
753,"N.Y.G.B.L. § 349"
753,"Fraudulent Misrepresentation"
753,Negligence
753,"Declaratory Relief"
753,"12 C.F.R. § 1005.7"
753,"2 C.F.R. § 1005.11(a)(7)"
753,"Mich. Comp. Laws Ann. § 445.901"
754,"18 U.S.C. § 1961"
756,"Violation of Trade Secrets"
756,Fraud
756,"Breach of Fiduciary Duty"
756,"N.Y.G.B.L. § 349"
756,Misappropriation
756,"Tortious Interference"
756,"Unjust enrichment"
756,Conversion
756,"Books and Records Accounting"
757,"Securities Act § 5(a)"
757,"Securities Act § 5(c)"
758,"Declaratory Judgment"
758,"Breach of Fiduciary Duty"
758,"Breach of Contract"
758,"Breach of the Implied Covenant of Good Faith and Fair Dealing"
758,"Unjust enrichment"
758,"O.C.G.A. § 10-1-393"
758,"ETFA Regulation E"
758,Negligence
759,"CEA § 6(c)(1)"
759,"CEA § 4b"
760,"Securities Act § 5(a)"
760,"Securities Act § 5(c)"
761,"23 N.Y.C.R.R. § 200"
761,"3 N.Y.C.R.R. § 417"
761,"23 N.Y.C.R.R. § 504"
761,"23 N.Y.C.R.R. § 500"
762,"Idaho Code § 30-14-301"
762,"Idaho Code § 26-2903"
762,"Idaho Code § 26-3204"
764,"Securities Act § 12(a)(2)"
764,"Securities Act § 15"
764,"Securities Act § 17"
764,"Exchange Act § 10(b)"
764,"17 C.F.R. § 240.10b-5"
764,"Nev. Rev. Stat. § 41.600"
764,"Breach of Contract"
764,"Breach of the Implied Covenant of Good Faith and Fair Dealing"
764,"Unjust enrichment"
764,Conversion
764,"Promissory Estoppel"
764,Fraud
764,"Negligent misrepresentation"
766,"Securities Act § 5(a)"
766,"Securities Act § 5(c)"
766,"Securities Act § 17(a)(1)"
766,"Securities Act § 17(a)(3)"
766,"Exchange Act § 10(b)"
766,"17 C.F.R. § 240.10b-5(a)"
766,"17 C.F.R. § 240.10b-5(c)"
768,"Exchange Act § 10(b)"
768,"17 C.F.R. § 240.10b-5(b)"
769,"17 C.F.R. 201.192(a)"
770,"18 U.S.C. § 1349"
770,"18 U.S.C. § 1343"
770,"18 U.S.C. § 2"
771,"Securities Act § 5"
771,"Securities Act § 12(a)(1)"
771,"Securities Act § 15"
771,"Securities Act § 17"
771,"17 C.F.R. § 240.10b-5"
771,"Exchange Act § 20(a)"
771,"Declaratory Judgment"
771,"Unjust enrichment"
772,"11 U.S.C. Chapter 11"
773,"Breach of Contract"
773,"Negligent misrepresentation"
773,"Fraud in the inducement"
773,"Books and Records Accounting"
774,"11 U.S.C. Chapter 11"
775,"Confirmation of Arbitration Award"
775,"Breach of Fiduciary Duty"
776,"Securities Act § 5"
776,"Securities Act § 12(a)(1)"
776,"Securities Act § 15"
776,"California Corp. Code § 25110"
776,"Cal. Corp. Code § 25503"
777,"11 U.S.C. Chapter 15"
778,"CEA § 4m(1)"
778,"CEA § 4k(2)"
778,"17 C.F.R. § 180.1(a)(2)"
778,"CEA § 4o(1)(A)"
778,"17 C.F.R. § 5.3(a)(6)(I)"
778,"18 U.S.C. § 1962(a)"
778,"17 C.F.R. § 4.21(a)(1)"
778,"CEA § 6(c)(1)"
778,"CEA § 4b"
779,"CEA § 4b(a)(2)(A)"
779,"CEA § 4c(b)"
779,"CEA § 4o(1)(A)"
779,"17 C.F.R. § 4.20(a)(1)"
779,"17 C.F.R. § 4.20(c)"
779,"17 C.F.R. § 4.21(a)(1)"
779,"17 C.F.R. § 5.3(a)(2)(i)"
779,"CEA § 4m(1)"
779,"CEA § 4k(2)"
779,"17 C.F.R. § 180.1(a)(2)"
779,"17 C.F.R. § 5.2(b)(1)-(3)"
779,"CEA § 4d(1)"
780,"Securities Act § 5"
780,"Securities Act § 17(a)"
780,"Exchange Act § 10(b)"
780,"17 C.F.R. § 240.10b-5(b)"
781,"18 U.S.C. § 1349"
781,"18 U.S.C. § 371"
781,"18 U.S.C. § 1956 (h)"
781,"18 U.S.C. § 981(a)(l)(C)"
781,"18 U.S.C. § 982(A)(1)"
783,Fraud
783,"Breach of Contract"
783,Conversion
783,"Unjust enrichment"
783,"Books and Records Accounting"
784,Defamation
784,"N.Y.G.B.L. § 349"
785,"Lanham Act"
785,Cybersquatting
785,"Trademark Infringement"
785,"Unfair Competition"
785,"Cal. Bus. & Prof. Code § 17200"
785,"Cal. Bus. & Prof. Code § 17500"
785,"Unjust enrichment"
785,Conversion
785,"Intentional Interference with
Prospective Economic Advantage"
786,"Securities Act § 5"
786,"Securities Act § 12(a)(1)"
786,"Securities Act § 15"
786,"17 C.F.R. § 240.10b-5"
786,"Aiding and Abetting"
786,Conspiracy
786,"18 U.S.C. § 1961"
786,"Unjust enrichment"
787,"18 U.S.C. § 1960"
787,"26 U.S.C. § 7203"
788,"Negligent misrepresentation"
788,"Unjust enrichment"
788,"Products Liability"
788,"Unfair Competition"
788,"N.Y.G.B.L. § 349"
788,Negligence
788,Fraud
788,"18 U.S.C. § 1961"
788,"18 U.S.C. § 1343"
788,"18 U.S.C. § 1955"
788,Conversion
788,"Promissory Estoppel"
789,"18 U.S.C. § 1951"
790,"Enforcement of Forum Selection Clause"
791,"Securities Act § 12(a)(1)"
791,"Securities Act § 15(a)"
791,"Exchange Act § 5"
791,"Exchange Act § 29(b)"
791,"Exchange Act § 15(a)(1)"
791,"Exchange Act § 20"
791,"Cal. Corp. Code § 25000"
792,"Fourth Amendment"
792,"First Amendment"
792,"Fifth Amendment"
793,"5 U.S.C. § 706(1)"
793,"28 U.S.C. § 1361"
793,"U.S. Constitution - Article I"
793,"Fifth Amendment"
793,"U.S. Constitution - Article II (Executive Branch)"
793,"Declaratory Judgment"
794,Fraud
794,Negligence
794,"Gross Negligence"
794,"N.Y.G.B.L. § 349"
794,Contribution
794,Defamation
794,"Tortious Interference"
796,"CEA § 2(e)"
798,Conversion
798,"Unjust enrichment"
799,"18 U.S.C. § 1343"
799,"18 U.S.C. § 1956(a)(1)(B)(i)"
800,"Securities Act § 5"
800,"Securities Act § 12(a)(1)"
800,"Securities Act § 15"
800,"Exchange Act § 10(b)"
800,"Exchange Act § 20(a)"
800,"17 C.F.R. § 240.10b-5"
801,"15 U.S.C. § 78j(b)"
801,"15 U.S.C. § 78ff"
801,"17 C.F.R. § 240.10b-5"
802,"Breach of Contract"
802,Fraud
802,Conversion
802,Replevin
802,"Breach of Fiduciary Duty"
802,"17 CFR § 1.20(a)"
802,"CEA § 6(c)(1)"
802,Negligence
802,"17 C.F.R. § 180.1(a)(1)"
802,"7 U.S.C. § 25(a)(1)(b)"
802,"7 U.S.C. § 25(c)(IV)"
803,Negligence
803,"Negligence Per Se"
803,"Negligent misrepresentation"
803,Conversion
803,"N.Y.G.B.L. § 349"
803,"Cal. Bus. & Prof. Code § 17200"
803,"Securities Act § 5"
803,"Securities Act § 12(a)(1)"
803,"Securities Act § 12(a)(2)"
804,"CEA § 4m(1)"
804,"CEA § 4o(1)(A)"
804,"CEA § 6(c)(1)"
804,"17 C.F.R. § 32.2"
805,"Breach of Contract"
805,"Breach of Fiduciary Duty"
805,"Breach of the Implied Covenant of Good Faith and Fair Dealing"
805,"Unjust enrichment"
805,"Books and Records Accounting"
806,"Securities Act § 17(a)"
806,"17 C.F.R. § 240.13(a)"
806,"17 C.F.R. § 240.13(a)-13"
806,"17 C.F.R. § 240.13a-15(a)"
807,"Trademark Infringement"
808,Negligence
809,"Securities Act § 5"
809,"Securities Act § 17(a)"
809,"Exchange Act § 10(b)"
810,"Exchange Act § 10(b)"
810,"17 C.F.R. § 240.10b-5(b)"
810,"Securities Act § 5(a)"
810,"Securities Act § 5(c)"
810,"Securities Act § 17(a)"
810,"Advisers Act § 206(1)"
810,"Advisers Act § 206(2)"
810,"Advisers Act § 206(4)"
810,"Advisers Act § 206(4)-8"
811,"Fraud in the inducement"
811,"Unjust enrichment"
811,"Breach of the Implied Covenant of Good Faith and Fair Dealing"
811,"Alter Ego Liability"
812,"Breach of Contract"
812,Conversion
812,Fraud
812,Conspiracy
813,"18 U.S.C. § 1343"
813,"18 U.S.C. § 2"
814,"Exchange Act § 10(b)"
814,"17 C.F.R. § 240.10b-5(b)"
814,"Securities Act § 5(a)"
814,"Securities Act § 5(c)"
814,"Securities Act § 17(a)"
816,"Securities Act § 5"
816,"Securities Act § 12(a)(1)"
816,"Exchange Act § 5"
816,"Exchange Act § 15(a)(1)"
816,"Exchange Act § 20"
816,"Exchange Act § 29(b)"
817,"Securities Act § 12(a)(1)"
817,"Securities Act § 15(a)"
817,"Fla. Stat. § 517.07"
817,"Fla. Stat. § 501.201"
817,"Aiding and Abetting"
817,"Unjust enrichment"
818,"Securities Act § 5"
818,"Securities Act § 12(a)(1)"
818,"Securities Act § 15"
819,"N.J.S.A. § 49:3-47"
819,"N.J.S.A. § 49:3-89"
820,"18 U.S.C. § 1349"
820,"18 U.S.C. § 1956 (h)"
821,"Fraud in the inducement"
821,"Negligent misrepresentation"
821,"Fraudulent Misrepresentation"
821,"Cal. Bus. & Prof. Code § 17200"
821,"Cal. Consumer Legal Remedies Act § 1750"
821,"Mistake of Fact"
821,"Breach of Contract"
821,"Breach of the Implied Covenant of Good Faith and Fair Dealing"
821,"Unjust enrichment"
822,"Declaratory Relief"
822,"Breach of Contract"
822,"Breach of the Implied Covenant of Good Faith and Fair Dealing"
822,"Cal. Bus. & Prof. Code § 17200"
823,"Breach of Contract"
823,"Fraud in the inducement"
823,Conversion
823,"Tortious Interference"
823,Fraud
823,Defamation
825,"Securities Act § 5"
825,"Securities Act § 17(a)"
825,"Exchange Act § 10(b)"
826,"Securities Act § 5"
826,"California Corp. Code § 25110"
826,"Cal. Corp. Code § 25503"
826,"Unjust enrichment"
827,Negligence
827,"N.Y.G.B.L. § 349"
827,"Unjust enrichment"
827,"Breach of Contract"
827,"Breach of Warranty"
827,"Negligent misrepresentation"
828,"Cal. Bus. & Prof. Code § 17200"
828,"Cal. Consumer Legal Remedies Act § 1750"
828,"Aiding and Abetting"
828,"815 I.L.C.S. § 505"
828,"Unjust enrichment"
829,"Securities Act § 8(a)"
829,"Investment Company Act § 9(f)"
830,"18 U.S.C. § 1956 (h)"
830,"18 U.S.C. § 371"
831,Conversion
831,"Trespass to Chattels"
831,"Breach of Contract"
831,"Unjust enrichment"
831,"N.Y.G.B.L. § 349"
831,Negligence
831,"Permanent Injunction"
833,"Securities Act § 17(a)(1)"
833,"Securities Act § 17(a)(3)"
833,"Exchange Act § 10(b)"
833,"17 C.F.R. § 240.10b-5(b)"
834,"Trademark Infringement"
834,"Trademark Dilution"
834,Cybersquatting
834,"N.Y.G.B.L. § 360-1"
834,Misappropriation
834,"Unfair Competition"
836,"Declaratory Judgment"
836,"Fraud in the inducement"
836,"Breach of Contract"
836,"Breach of the Implied Covenant of Good Faith and Fair Dealing"
836,"Unjust enrichment"
837,"Cal. Civ. Proc. Code §1060"
837,"Cal. Consumer Legal Remedies Act § 1750"
837,"Aiding and Abetting"
837,"Unjust enrichment"
838,"Securities Act § 5(a)"
838,"Securities Act § 5(c)"
838,"Securities Act § 17(a)"
838,"Exchange Act § 10(b)"
838,"17 C.F.R. § 240.10b-5(b)"
839,"CEA § 4(d)"
839,"CEA § 5h(a)(1)"
839,"17 C.F.R. § 166.3"
839,"17 C.F.R. § 37.3(a)(1)"
840,"Breach of Contract"
841,"Trademark Infringement"
841,"Unfair Competition"
841,"N.Y.G.B.L. § 360-1"
841,"N.Y.G.B.L. § 349"
841,"15 U.S.C. § 1125(d)"
841,"15 U.S.C. § 1125(a)(1)(a)"
842,Fraud
842,"Fla. Stat. § 501.201"
843,"Breach of Contract"
843,Fraud
843,"Tortious Interference"
843,"Conn. Gen. Stat. § 42-110b"
843,"Breach of the Implied Covenant of Good Faith and Fair Dealing"
843,"Negligent misrepresentation"
843,"Unjust enrichment"
843,"Quantum Meruit"
843,"Several Liability"
844,"N.Y.G.B.L. § 349"
844,"Nev. Rev. Stat. § 41.600"
844,"Breach of Contract"
844,"Unjust enrichment"
844,"Declaratory Judgment"
846,"Exchange Act § 10(b)"
846,"Securities Act § 17(a)"
846,"Securities Act § 5(a)"
846,"Securities Act § 5(c)"
847,"Exchange Act § 10(b)"
847,"Securities Act § 17(a)"
847,"Securities Act § 5(a)"
847,"Securities Act § 5(c)"
848,"Securities Act 12(j)"
849,"18 U.S.C. § 1349"
849,"18 U.S.C. § 1343"
849,"18 U.S.C. § 1957"
849,"18 U.S.C. § 1028A"
851,"N.Y. Gen. Oblig. Law § 5-423"
853,"Securities Act § 17(a)"
853,"Exchange Act § 10(b)"
853,"17 C.F.R. § 240.10b-5"
853,"Securities Act § 5(a)"
853,"Securities Act § 5(c)"
853,"Securities Act § 5(e)"
853,"Exchange Act § 6(1)"
855,"N.Y.G.B.L. § 352"
855,"N.Y. Executive Law § 63(12)"
856,"CEA § 6(c)(1)"
856,"17 C.F.R. § 32.4"
857,"CEA § 6(c)(1)"
857,"17 C.F.R. § 32.2"
860,"Securities Act § 5"
860,"Securities Act § 12(a)(1)"
860,"Securities Act § 15"
860,"Exchange Act § 5"
860,"Exchange Act § 29(b)"
860,"Exchange Act § 15(a)(1)"
860,"Exchange Act § 20"
860,"N.J.S.A. § 49:3-71"
860,"N.J.S.A § 49:3-56(a)"
860,"Fla. Stat. § 517.211"
860,"Fla. Stat. § 517.07"
860,"Fla. Stat. § 517.12(1)"
860,"Cal. Bus. & Prof. Code § 25504"
860,"Cal. Corp. Code § 25210"
860,"California Corp. Code § 25110"
860,"Cal. Corp. Code § 25503"
860,"Cal. Corp. Code § 25130"
864,"CEA § 4b(a)(2)(A)"
864,"CEA § 6(c)(1)"
864,"17 C.F.R. § 32.2"
865,"CEA § 4(a)"
865,"CEA § 4o(1)"
866,"CEA § 4o(1)"
868,"ETFA Regulation E"
868,"15 U.S.C. § 1683"
868,"15 U.S.C. § 1693f(f)(6)"
868,"2 C.F.R. § 1005.11(a)(7)"
868,"15 U.S.C. § 1693c"
868,"12 C.F.R. § 1005.7"
870,"17 C.F.R. § 240.10b-5"
871,"Texas Securities Act § 12"
871,"Texas Securities Act § 7"
872,"Securities Act § 5(a)"
872,"Securities Act § 5(c)"
873,"Commodity Exchange Act § 25"
874,"Securities Act § 5(a)"
874,"Securities Act § 5(c)"
875,"Exchange Act § 10(b)"
875,"17 C.F.R. § 240.10b-5"
875,"Securities Act § 17(a)"
875,"Exchange Act § 17(a)(1)"
875,"Exchange Act § 17(a)(3)"
875,"Securities Act § 5(a)"
875,"Securities Act § 5(c)"
875,"Securities Act § 15(a)"
876,"18 U.S.C. § 1349"
876,"18 U.S.C. § 982(a)(2)(A)"
876,"28 U.S.C. § 2461(c)"
877,"N.Y.C.P.L.R. § 78"
877,"N.Y.C.C.R. § 1401"
878,"Securities Act § 5"
878,"Securities Act § 12(a)(1)"
878,"Securities Act § 15"
878,"Securities Act § 17(a)"
878,"17 C.F.R. § 240.10b-5"
878,"Exchange Act § 20(a)"
879,"Texas Securities Act § 23-2"
880,"Exchange Act § 5"
880,"Exchange Act 3b-16(a)"
881,"Securities Act § 5"
881,"Securities Act § 12(a)(1)"
881,"Securities Act § 15"
881,"Securities Act § 17(a)"
881,"Exchange Act § 10(b)"
881,"Exchange Act § 20(a)"
882,"Securities Act § 5(a)"
882,"Securities Act § 5(c)"
882,"Securities Act § 17(a)"
882,"Exchange Act § 10(b)"
882,"17 C.F.R. § 240.10b-5"
883,"Securities Act § 20(b)"
883,"Securities Act § 20(d)"
883,"Securities Act § 22(a)"
883,"Exchange Act § 21(d)"
883,"Exchange Act § 21(e)"
883,"Exchange Act § 27"
884,"KRS § 291.470"
884,"KRS § 292.500"
884,"KAR § 10:225"
885,"12 U.S.C. § 1954"
886,"9 V.S.A. § 5301"
888,"AL Code § 8-6-4"
889,"Securities Act § 17(a)"
889,"Exchange Act § 10(b)"
889,"17 C.F.R. § 240.10b-5"
889,"Exchange Act § 16(a)"
889,"17 C.F.R. § 240.16(a)-3"
891,"Securities Act § 17b"
892,"18 U.S.C. § 1030"
892,"18 U.S.C. § 1962(a)"
892,Conversion
892,"Fraud in the inducement"
892,"Unjust enrichment"
893,"Securities Act § 17"
893,"17 C.F.R. § 240.10b-5"
894,"Exchange Act § 10(b)"
894,"17 C.F.R. § 240.10b-5"
894,"Securities Act § 17(a)"
895,"Securities Act § 5"
895,"Securities Act § 12(a)(1)"
895,"Securities Act § 15(a)"
896,"18 U.S.C. § 1960(a)"
896,"18 U.S.C. § 1960(b)(1)(B)"
897,"Securities Act § 5(a)"
897,"Securities Act § 5(c)"
897,"Securities Act § 17(a)"
897,"Exchange Act § 10(b)"
897,"17 C.F.R. § 240.10b-5"
898,Defamation
899,"Securities Act § 5(a)"
899,"Securities Act § 5(c)"
899,"Securities Act § 17(a)(1)"
899,"Securities Act § 17(a)(3)"
899,"Exchange Act § 10(b)"
899,"17 C.F.R. § 240.10b-5"
899,"5 U.S.C. § 703"
899,"Aiding and Abetting"
900,"Securities Act § 5(a)"
900,"Securities Act § 5(c)"
900,"Securities Act § 17(a)"
900,"Exchange Act § 10(b)"
900,"17 C.F.R. § 240.10b-5"
900,"Exchange Act § 14(e)"
900,"17 C.F.R. § 240.14(e)-8"
900,"Advisers Act § 206(4)"
900,"Advisers Act § 206(4)-8"
902,"Securities Act § 5(a)"
902,"Securities Act § 5(c)"
902,"Exchange Act § 15(a)"
902,"5 U.S.C. § 703"
902,"Unjust enrichment"
902,"Aiding and Abetting"
903,"18 U.S.C. § 1960"
904,"7 U.S.C. § 9(1)"
905,"Breach of Contract"
906,"18 U.S.C. § 1960(a)"
906,"18 U.S.C. § 1956(a)(3)"
906,"18 U.S.C. § 1028(a)(3)"
908,"Securities Act § 5(a)"
908,"Securities Act § 5(c)"
909,"Breach of Contract"
909,"Unjust enrichment"
909,"Quantum Meruit"
910,"CEA § 6(c)(1)"
910,"18 U.S.C. § 1962(a)"
910,"17 C.F.R. § 180.1(a)(3)"
910,"CEA § 4o(1)(A)"
910,"CEA § 5h(a)(1)"
910,"17 C.F.R. § 32.2"
910,"17 C.F.R. § 48.3"
911,"Exchange Act § 10(b)"
911,"17 C.F.R. § 240.10b-5"
911,"Securities Act § 5(a)"
911,"Securities Act § 5(c)"
913,"Breach of Contract"
914,"Exchange Act § 13(a)"
914,"17 C.F.R. § 240.13(a)-1"
914,"17 C.F.R. § 240.13(a)-13"
915,"Securities Act § 5(a)"
915,"Securities Act § 5(c)"
916,"N.Y.G.B.L. § 352"
916,"N.Y. Executive Law § 63(12)"
916,"N.Y.G.B.L. § 359"
916,"13 N.Y.C.R.R. § 10"
918,"15 U.S.C. § 1125(a)(1)(a)"
918,"15 U.S.C. § 1125(d)"
918,"Trademark Infringement"
918,"Unfair Competition"
920,"18 U.S.C. § 1349"
920,"18 U.S.C. § 1956 (h)"
921,"Securities Act § 5(a)"
921,"Securities Act § 5(c)"
921,"Securities Act § 17(a)"
921,"Exchange Act § 10(b)"
921,"17 C.F.R. § 240.10b-5"
921,"Exchange Act § 15(a)"
921,"5 U.S.C. § 703"
921,"Aiding and Abetting"
922,"Not Applicable"
923,"Securities Act § 5(a)"
923,"Securities Act § 5(c)"
923,"Securities Act § 17(a)(2)"
924,"Securities Act § 17(a)"
924,"Exchange Act § 10(b)"
924,"17 C.F.R. § 240.10b-5"
924,"5 U.S.C. § 703"
924,"Unjust enrichment"
924,"Aiding and Abetting"
925,"Breach of Contract"
925,"Constructive Trust"
926,"Specific Performance"
926,"Preliminary Injunction"
926,"Permanent Injunction"
927,"Not Applicable"
929,"Cal. Bus. & Prof. Code § 17200"
930,"Securities Act § 5(a)"
932,"Exchange Act § 10(b)"
932,"17 C.F.R. § 240.10b-5"
932,"Securities Act § 17(a)"
933,"Securities Act § 5(a)"
933,"Securities Act § 5(c)"
933,"Aiding and Abetting"
935,"Securities Act § 5(c)"
935,"Securities Act § 17(a)"
935,"Exchange Act § 10(b)"
935,"17 C.F.R. § 240.10b-5"
936,"26 U.S.C § 7201"
938,"Securities Act § 5"
938,"Exchange Act § 15"
938,"Breach of Contract"
938,"Unjust enrichment"
938,Fraud
938,"Aiding and Abetting"
938,Conversion
938,"Breach of Fiduciary Duty"
940,"11 U.S.C. Chapter 11"
941,"18 U.S.C. § 981(a)(1)(A)"
941,"18 U.S.C. § 981(a)(l)(C)"
941,"18 U.S.C. § 981(b)"
941,"21 U.S.C. § 881(a)(6)"
945,"17 C.F.R. § 42.2"
945,"18 U.S.C. § 1960"
946,"Securities Act § 17(a)"
946,"Securities Act § 17b"
946,"Exchange Act § 10(b)"
946,"17 C.F.R. § 240.10b-5"
948,"CEA § 4(a)"
948,"CEA § 4(d)"
948,"17 C.F.R. § 166.3"
948,"17 C.F.R. § 1.6"
948,"CEA § 5h(a)(1)"
948,"17 C.F.R. § 180.1(a)(3)"
948,"CEA § 4o(1)(A)"
948,"17 C.F.R. § 37.3(a)(1)"
948,"CEA § 6(c)(3)"
948,"17 C.F.R. § 42.2"
949,"31 U.S.C. § 5318(h)"
949,"31 U.S.C. § 5318"
949,"31 U.S.C. § 5322"
950,"Securities Act § 5(a)"
950,"Securities Act § 5(c)"
951,"Securities Act § 5(a)"
951,"Securities Act § 17"
951,"Exchange Act § 10(b)"
951,"17 C.F.R. § 240.10b-5"
952,"CEA § 6(c)(1)"
952,"17 C.F.R. § 32.2"
953,"Exchange Act § 10(b)"
953,"17 C.F.R. § 240.10b-5"
953,"Securities Act § 17(a)"
953,"Exchange Act § 19(a)(1)"
953,"Securities Act § 5(a)"
953,"Securities Act § 15(a)"
953,"Securities Act § 17b"
953,"Unjust enrichment"
954,"18 U.S.C. § 1343"
954,"18 U.S.C. § 1957"
954,"15 U.S.C. § 78j(b)"
954,"15 U.S.C. § 78ff"
955,"18 U.S.C. § 1956"
955,"18 U.S.C. § 981(a)(1)(A)"
956,"Securities Act § 12(a)(1)"
956,"Exchange Act § 15(a)"
956,"RCW § 21.20"
957,"Exchange Act § 15(a)"
958,"Texas Securities Act § 29.D"
959,"Securities Act § 5(a)"
959,"Securities Act § 5(c)"
959,"Securities Act § 17(a)"
959,"Exchange Act § 10(b)"
959,"17 C.F.R. § 240.10b-5"
960,"18 U.S.C. § 1349"
960,"18 U.S.C. § 1956 (h)"
961,"18 U.S.C. § 1343"
961,"18 U.S.C § 1348"
961,"18 U.S.C. § 1349"
961,"18 U.S.C. § 1956 (h)"
961,"18 U.S.C. § 2"
963,"47 U.S.C. § 222 (a)"
963,"47 U.S.C. § 222 (c)"
963,"47 U.S.C. § 201"
963,"47 U.S.C. § 202(a)"
963,"Faithless Servant"
963,Negligence
963,"N.Y.G.B.L. § 349"
963,"Negligent Supervision"
963,"Negligent Infliction of Emotional Distress"
963,"Not Applicable"
963,"Gross Negligence"
964,"Fourth Amendment"
964,"Fifth Amendment"
964,"15 U.S.C. § 7609(f)"
965,"Violation of Trade Secrets"
965,"Breach of Contract"
966,"Securities Act § 5(e)"
966,"Exchange Act § 6(1)"
968,"18 U.S.C. § 1014"
968,"18 U.S.C. § 1349"
968,"18 U.S.C. § 1344"
968,"12 U.S.C. § 1957"
969,"18 U.S.C. § 1343"
970,"Texas Securities Act § 29.D"
972,"Not Applicable"
973,"18 U.S.C. § 371"
973,"2 U.S.C. § 1606(b)"
974,"Securities Act § 17(a)"
974,"Exchange Act § 10(b)"
974,"17 C.F.R. § 240.10b-5"
974,"Securities Act § 5(a)"
974,"Securities Act § 5(c)"
978,"18 U.S.C. § 2"
978,"18 U.S.C. § 1343"
978,"18 U.S.C. § 1956(a)(1)"
978,"18 U.S.C. § 981(a)(1)(C)"
978,"28 U.S.C. § 2461(c)"
979,"Breach of Contract"
979,"Trespass to Chattels"
979,"Constructive Trust"
979,"Quiet Title"
979,"N.Y.C. Admin. Code § 20-701"
979,"N.Y.G.B.L. § 349"
979,Spoliation
979,Conversion
980,"Securities Act § 17(a)"
980,"Exchange Act § 10(b)"
980,"17 C.F.R. § 240.10b-5"
980,"Securities Act § 5(a)"
980,"Securities Act § 5(c)"
981,"Not Applicable"
981,"Breach of Bailment"
981,Conversion
981,"Va. Code Ann. § 18.2-500"
982,"Securities Act § 17(a)"
982,"Exchange Act § 10(b)"
982,"17 C.F.R. § 240.10b-5"
983,"26 U.S.C § 7201"
983,"26 U.S.C. § 7203"
984,"Texas Securities Act § 29.D"
985,"Cal. Penal Code § 496"
985,"18 U.S.C. § 1030(a)(4)"
985,"Cal. Penal Code § 502"
986,"Securities Act § 5(a)"
986,"Securities Act § 5(c)"
987,"Securities Act § 5"
987,"Securities Act § 12(a)(1)"
987,"Securities Act § 12(a)(2)"
987,"Securities Act § 15"
987,"17 C.F.R. § 240.10b-5"
987,"Exchange Act § 10(b)"
987,"Exchange Act § 20(a)"
988,"7 U.S.C. § 9(1)"
988,"CEA § 6(c)(3)"
988,"CEA § 9(a)(2)"
988,"CEA § 22(a)(1)"
988,"18 U.S.C. § 1962(d)"
988,"18 U.S.C. § 1961"
988,Fraud
988,"Fraud in the inducement"
988,"Negligent misrepresentation"
988,"Cal. Bus. & Prof. Code § 17500"
988,"Cal. Bus. & Prof. Code § 17200"
988,Negligence
988,"Unjust enrichment"
988,"Constructive Trust"
988,"Books and Records Accounting"
988,Conversion
988,"Aiding and Abetting"
988,Replevin
988,"Cal. Penal Code § 496"
989,"Securities Act § 17(a)"
989,"Exchange Act § 10(b)"
989,"17 C.F.R. § 240.10b-5"
989,"Securities Act § 5(a)"
989,"Securities Act § 5(c)"
990,"CEA § 4(d)"
990,"17 C.F.R. § 5.2"
990,"17 C.F.R. § 3.12(a)"
990,"CEA § 6(c)(1)"
990,"CEA § 4b"
990,"CEA § 2(e)"
991,"CEA § 6(c)"
991,"CEA § 22"
991,"CEA § 2"
991,"CEA § 13"
992,"Exchange Act § 10(b)"
992,"17 C.F.R. § 240.10b-5"
992,"Securities Act § 17(a)"
992,"Securities Act § 5(a)"
992,"Securities Act § 5(c)"
993,"15 U.S.C. § 1114(1)"
993,"Cal. Civ. Code § 3344"
993,"Cal. Bus. & Prof. Code § 17200"
994,"CEA § 4b(a)(2)(A)"
994,"CEA § 4c(b)"
994,"CEA § 4o(1)(A)"
994,"17 C.F.R. § 5.3(a)(6)(I)"
994,"18 U.S.C. § 1962(a)"
994,"CEA § 4o(1)(B)"
994,"CEA § 6(c)(1)"
994,"17 C.F.R. § 32.2"
994,"CEA § 5h(f)(2)"
994,"17 C.F.R. § 37.203"
995,Negligence
995,"Fraudulent Misrepresentation"
995,"Negligent misrepresentation"
996,"15 U.S.C. § 1125"
996,Cybersquatting
996,"Unfair Competition"
996,"Trademark Infringement"
996,"Cal. Bus. & Prof. Code § 17200"
997,"Securities Act § 5"
997,"Securities Act § 12(a)(1)"
997,"N.J.S.A. § 49:3-71"
998,"Securities Act § 5"
998,"Securities Act § 12(a)(1)"
998,"815 I.L.C.S. § 5/13"
999,"Securities Act § 5"
999,"Securities Act § 12(a)(1)"
999,"815 I.L.C.S. § 5/13"
1000,"Securities Act § 5"
1000,"Securities Act § 12(a)(1)"
1000,"Exchange Act § 5"
1000,"Exchange Act § 15(a)(1)"
1000,"Exchange Act § 29(b)"
1000,"Exchange Act § 20"
1000,"Tex. Rev. Civ. Stat. § 581-33"
1001,"Securities Act § 5"
1001,"Securities Act § 12(a)(1)"
1001,"Securities Act § 12(a)(2)"
1001,"815 I.L.C.S. § 5/13"
1001,"Tex. Rev. Civ. Stat. § 581-33"
1002,"CEA § 6(c)"
1002,"CEA § 22"
1002,"CEA § 2(a)(1)(B)"
1002,"CEA § 13"
1002,"CEA § 22(a)(1)"
1002,"Securities Act § 5"
1002,"Securities Act § 12(a)(1)"
1002,"Exchange Act § 5"
1002,"Exchange Act § 29(b)"
1002,"Exchange Act § 15(a)(1)"
1002,"Exchange Act § 20"
1002,"N.J.S.A. § 49:3-71"
1002,"Tex. Rev. Civ. Stat. § 581-33"
1003,"Securities Act § 5"
1003,"Securities Act § 12(a)(1)"
1003,"Exchange Act § 5"
1003,"Exchange Act § 29(b)"
1003,"Exchange Act § 15(a)(1)"
1003,"Exchange Act § 20"
1003,"Tex. Rev. Civ. Stat. § 581-33"
1004,"Securities Act § 5"
1004,"Securities Act § 12(a)(1)"
1004,"Exchange Act § 5"
1004,"Exchange Act § 29(b)"
1004,"Exchange Act § 15(a)(1)"
1004,"Exchange Act § 20"
1004,"815 I.L.C.S. § 5/13"
1005,"Declaratory Judgment"
1005,"Breach of Contract"
1006,"Securities Act § 5"
1006,"Securities Act § 12(a)(1)"
1006,"N.J.S.A. § 49:3-71"
1006,"Tex. Rev. Civ. Stat. § 581-33"
1007,"Securities Act § 5"
1007,"Securities Act § 12(a)(1)"
1007,"815 I.L.C.S. § 5/13"
1008,"Securities Act § 5"
1008,"Securities Act § 12(a)(1)"
1008,"Tex. Rev. Civ. Stat. § 581-33"
1009,Fraud
1009,Conspiracy
1009,"Negligent misrepresentation"
1009,"Unjust enrichment"
1009,"Breach of Fiduciary Duty"
1009,Negligence
1009,"Vicarious Liability"
1011,"Exchange Act § 10(b)"
1011,"17 C.F.R. § 240.10b-5"
1011,"Fraud in the inducement"
1011,"Breach of Fiduciary Duty"
1011,Conspiracy
1011,Negligence
1011,Conversion
1011,"Unjust enrichment"
1011,Fraud
1012,"Exchange Act § 10(b)"
1012,"17 C.F.R. § 240.10b-5"
1012,"Securities Act § 17(a)"
1012,"Securities Act § 5(a)"
1012,"Securities Act § 5(c)"
1013,"Declaratory Judgment"
1013,"Breach of Contract"
1014,"Securities Act § 5"
1014,"Securities Act 12(j)"
1014,"Securities Act § 15"
1015,"Securities Act § 15"
1015,"Securities Act § 11"
1016,"18 U.S.C. § 1349"
1016,"18 U.S.C. § 1956 (h)"
1017,"Securities Act § 15"
1017,"Securities Act § 11"
1017,"Securities Act § 12(a)(2)"
1018,"Securities Act § 17b"
1019,"Securities Act § 5(a)"
1020,"18 U.S.C. § 371"
1020,"26 U.S.C § 7201"
1021,"17 C.F.R. § 3.12(a)"
1021,"CEA § 6(c)(1)"
1021,"CEA § 4m(1)"
1022,"Securities Act § 17(a)"
1022,"Exchange Act § 10(b)"
1022,"17 C.F.R. § 240.10b-5"
1023,"CEA § 6(c)(1)"
1023,"CEA § 4b"
1025,"18 U.S.C. § 371"
1025,"18 U.S.C. § 1343"
1025,"18 U.S.C. § 1957"
1026,"Exchange Act § 10(b)"
1026,"17 C.F.R. § 240.10b-5"
1026,"Securities Act § 17(a)"
1026,"Securities Act § 5(a)"
1026,"Securities Act § 5(c)"
1026,"5 U.S.C. § 703"
1026,"Aiding and Abetting"
1027,"Securities Act § 17(a)"
1027,"Exchange Act § 10(b)"
1027,"17 C.F.R. § 240.10b-5"
1027,"Securities Act § 5(a)"
1027,"Securities Act § 5(c)"
1027,"5 U.S.C. § 703"
1028,"18 U.S.C. § 1349"
1028,"18 U.S.C. § 1343"
1028,"15 U.S.C. § 78j(b)"
1029,"Exchange Act § 10(b)"
1029,"17 C.F.R. § 240.10b-5"
1029,"Breach of Contract"
1029,"Unjust enrichment"
1029,Fraud
1030,"18 U.S.C. § 1343"
1030,"18 U.S.C. § 1956(a)(1)(B)(i)"
1031,"15 U.S.C. § 2"
1031,"CEA § 5"
1031,"CEA § 6(c)"
1031,"CEA § 22"
1031,"CEA § 2"
1031,"CEA § 22(a)(1)"
1031,"18 U.S.C. § 1961"
1031,"Unjust enrichment"
1032,"15 U.S.C. § 2"
1032,"7 U.S.C. § 1"
1032,"17 C.F.R. § 180.1"
1032,"18 U.S.C. § 1961"
1032,"Unjust enrichment"
1033,"18 U.S.C. § 371"
1034,"Securities Act § 5(a)"
1034,"Securities Act § 5(c)"
1036,"Securities Act § 17(a)"
1036,"Exchange Act § 10(b)"
1036,"17 C.F.R. § 240.10b-5"
1036,"Securities Act § 5(a)"
1036,"Securities Act § 5(c)"
1037,"18 U.S.C. § 981(a)(1)(A)"
1038,"18 U.S.C. § 371"
1038,"18 U.S.C. § 1349"
1039,"18 U.S.C. § 371"
1039,"18 U.S.C. § 1956(a)(1)(A)(i)"
1039,"18 U.S.C. § 1956(a)(1)(B)(i)"
1039,"21 U.S.C. § 841(a)(1)"
1039,"21 U.S.C. § 846"
1040,"Cal. Govt. Code § 12940"
1040,"Breach of the Implied Covenant of Good Faith and Fair Dealing"
1040,"Labor Code § 1102.5"
1040,"Breach of Contract"
1041,"CEA § 6(c)(1)"
1041,"CEA § 6(c)(3)"
1041,"CEA § 22(a)(1)"
1041,"Cal. Bus. & Prof. Code § 17200"
1041,"Unjust enrichment"
1041,"CEA § 9(a)(2)"
1041,"18 U.S.C. § 1962(d)"
1041,Negligence
1041,"Books and Records Accounting"
1041,Conversion
1041,"Aiding and Abetting"
1041,Replevin
1041,"Cal. Penal Code § 496"
1042,"50 U.S.C. § 1705"
1043,"18 U.S.C. § 371"
1043,"18 U.S.C. § 1349"
1043,"18 U.S.C. § 1030(a)(2)"
1043,"18 U.S.C. § 1030(c)(2)(B)(ii)"
1043,"18 U.S.C. § 1028A"
1043,"18 U.S.C. § 981(a)(l)(C)"
1043,"18 U.S.C. § 982(a)(2)(B)"
1043,"18 U.S.C. § 1030(i)"
1043,"28 U.S.C. § 2461(c)"
1044,"18 U.S.C. § 1343"
1045,"Securities Act § 5(a)"
1045,"Securities Act § 5(c)"
1045,"Securities Act § 12(a)(1)"
1045,"18 U.S.C. § 1030"
1045,Conversion
1045,"Unjust enrichment"
1045,"Products Liability"
1046,"18 U.S.C. § 1962(d)"
1046,"18 U.S.C. § 1962(c)"
1046,"7 U.S.C. § 9(1)"
1046,"CEA § 6(c)(3)"
1046,"CEA § 9(a)(2)"
1046,"CEA § 22(a)(1)"
1046,"Cal Corp. Code § 29536"
1046,Negligence
1046,Fraud
1046,Conspiracy
1046,"Cal. Bus. & Prof. Code § 17200"
1046,"Unjust enrichment"
1046,"Constructive Trust"
1046,"Books and Records Accounting"
1047,"CEA § 4d(a)(1)"
1049,"18 U.S.C. § 1028A(a)(l)"
1049,"18 U.S.C. § 1030(b)"
1049,"18 U.S.C. § 1030(a)(4)-(c)(3)(A)"
1049,"18 U.S.C. § 1349"
1049,"18 U.S.C. § 1956 (h)"
1049,"18 U.S.C. § 982(a)(2)(B)"
1049,"18 U.S.C. § 981(a)(l)(C)"
1049,"18 U.S.C. § 1030(i)-(j)"
1049,"28 U.S.C. § 2461(c)"
1051,"28 U.S.C. §1782"
1052,"18 U.S.C. § 1030"
1052,"50 U.S.C. § 1750"
1052,"Negligent Supervision"
1052,Negligence
1052,"Cal. Const. Art. I, § 1"
1052,"Cal. Bus. & Prof. Code § 17200"
1052,"47 U.S.C. § 201"
1053,"Texas Securities Act § 12"
1053,"Texas Securities Act § 7"
1053,Fraud
1054,"Texas Securities Act § 12"
1054,"Texas Securities Act § 7"
1054,Fraud
1059,"Securities Act § 5(a)"
1059,"Securities Act § 5(c)"
1060,"Not Applicable"
1060,"Lanham Act § 43(a)"
1060,"Trademark Infringement"
1060,"Unfair Competition"
1060,"Breach of the Implied Covenant of Good Faith and Fair Dealing"
1062,"CEA § 6(c)(1)"
1062,"17 C.F.R. § 180.1"
1062,"CEA § 2(a)(1)"
1062,"15 U.S.C. § 2"
1062,"18 U.S.C. §1962 (c)"
1062,Fraud
1062,"N.Y.G.B.L. § 349"
1063,"Securities Act § 5(a)"
1063,"Securities Act § 5(c)"
1064,"Securities Act § 5(a)"
1064,"Securities Act § 5(c)"
1065,"CEA § 6(c)(1)"
1065,"CEA § 4b"
1066,"CEA § 4(d)"
1066,"17 C.F.R. § 5.2"
1066,"CEA § 4o(1)(A)"
1066,"17 C.F.R. § 4.20(a)(1)"
1066,"17 C.F.R. § 4.20(c)"
1066,"17 C.F.R. § 4.21(a)(1)"
1066,"CEA § 4m(1)"
1066,"CEA § 4k(2)"
1066,"31 U.S.C. § 5322(e)"
1067,"Securities Act § 12(a)(2)"
1067,"Securities Act § 15"
1067,"Securities Act § 17(a)"
1067,"Exchange Act § 10(b)"
1067,"17 C.F.R. § 240.10b-5"
1067,"Exchange Act § 20(a)"
1067,"Cal. Bus. & Prof. Code § 25504"
1067,"California Corp. Code § 25401"
1067,"Cal. Bus. & Prof. Code § 17200"
1067,"Breach of Contract"
1067,"Unjust enrichment"
1067,Conversion
1067,"Promissory Estoppel"
1067,Fraud
1067,"Negligent misrepresentation"
1067,"Tortious Interference"
1068,"18 U.S.C. § 1956"
1069,"Exchange Act § 10(b)"
1069,"17 C.F.R. § 240.10b-5"
1069,"Exchange Act § 20"
1069,"Securities Act § 5(a)"
1069,"Securities Act § 12(a)(1)"
1069,"Securities Act § 15"
1069,Fraud
1070,"Exchange Act § 10(b)"
1070,"17 C.F.R. § 240.10b-5"
1070,"Securities Act § 17(a)"
1070,"Securities Act § 5(a)"
1070,"Securities Act § 5(c)"
1071,"Securities Act § 5(a)"
1071,"Securities Act § 5(c)"
1071,"Exchange Act § 15"
1072,"18 U.S.C. § 1951(a)"
1073,"Breach of Fiduciary Duty"
1073,"N.Y. Bus. Corp. Law § 720"
1073,"Breach of Contract"
1073,"Unjust enrichment"
1073,Fraud
1073,"Books and Records Accounting"
1074,"Exchange Act § 10(b)"
1074,"17 C.F.R. § 240.10b-5"
1074,"Securities Act § 17(a)"
1074,"Securities Act § 5(a)"
1074,"Securities Act § 5(c)"
1074,"Exchange Act § 5"
1074,"5 U.S.C. § 703"
1074,"Aiding and Abetting"
1075,"Securities Act § 5(a)"
1075,"Securities Act § 5(c)"
1075,"Breach of Contract"
1075,"Fraudulent Misrepresentation"
1075,"Negligent misrepresentation"
1075,"Fraudulent Concealment"
1075,"Unjust enrichment"
1075,"Breach of the Implied Covenant of Good Faith and Fair Dealing"
1075,"Alter Ego Liability"
1075,Conspiracy
1076,"Securities Act § 5(a)"
1076,"Securities Act § 5(c)"
1076,"Breach of Contract"
1076,"Fraudulent Misrepresentation"
1076,"Negligent misrepresentation"
1076,"Fraudulent Concealment"
1076,"Unjust enrichment"
1076,"Alter Ego Liability"
1076,Conspiracy
1077,"Breach of Contract"
1077,Fraud
1077,Conversion
1077,"N.Y. U.C.C. § 2-711"
1077,"N.Y. U.C.C. § 2-713"
1077,"N.Y. U.C.C. § 2-715"
1077,"N.Y. U.C.C. § 2-716"
1078,"Lanham Act § 32(1)(a)"
1078,"Lanham Act § 43(a)"
1078,"Trademark Infringement"
1078,"Unfair Competition"
1078,"N.Y.G.B.L. § 360-K"
1078,"N.Y.G.B.L. § 360-L"
1079,"Securities Act § 17b"
1080,"Lanham Act § 32(1)(a)"
1080,"Lanham Act § 43(a)"
1080,"Lanham Act § 43(c)"
1080,"15 U.S.C. § 1125(d)"
1080,"Cal. Bus. & Prof. Code § 14200"
1080,"Cal. Bus. & Prof. Code § 17200"
1080,"Cal. Bus. & Prof. Code § 14247"
1080,"Trademark Infringement"
1081,"18 U.S.C. § 1343"
1081,"18 U.S.C. § 1956(a)(1)(B)(i)"
1081,"18 U.S.C. § 1030(a)(5)(A)"
1081,"18 U.S.C. § 1512"
1081,"18 U.S.C. § 1519"
1081,"18 U.S.C. § 981(a)(l)(C)"
1081,"18 U.S.C. § 982(A)(1)"
1081,"18 U.S.C. § 982(a)(2)(B)"
1081,"18 U.S.C. § 1030(i)"
1081,"26 U.S.C § 7201"
1081,"26 U.S.C. § 7302"
1082,"18 U.S.C. § 982(a)(2)(B)"
1082,"18 U.S.C. § 1029(a)(l)"
1082,"18 U.S.C. § 1030(b)"
1082,"18 U.S.C. § 1030(a)(5)(A)"
1082,"18 U.S.C. § 1030(c)(4)(B)(i)"
1082,"18 U.S.C. § 1030(c)(4)(A)(i)(VI)"
1082,"18 U.S.C. § 1030(i)-(j)"
1082,"18 U.S.C. § 1349"
1082,"28 U.S.C. § 2461(c)"
1083,"Securities Act § 5(a)"
1083,"Securities Act § 5(c)"
1084,"Exchange Act § 10(b)"
1084,"17 C.F.R. § 240.10b-5"
1084,"Securities Act § 17(a)"
1084,"Securities Act § 5(a)"
1084,"Securities Act § 5(c)"
1084,"Exchange Act § 9(a)(2)"
1085,"Securities Act § 12(a)(2)"
1085,"Securities Act § 15"
1085,"Securities Act § 17(a)"
1085,"Exchange Act § 10(b)"
1085,"17 C.F.R. § 240.10b-5"
1085,"Exchange Act § 20(a)"
1085,"Cal. Bus. & Prof. Code § 17200"
1085,"Breach of Contract"
1085,"Breach of the Implied Covenant of Good Faith and Fair Dealing"
1085,"Unjust enrichment"
1085,Conversion
1085,"Promissory Estoppel"
1085,Fraud
1085,"Negligent misrepresentation"
1086,Replevin
1086,"18 U.S.C. § 1030"
1086,Fraud
1086,Conversion
1086,"Unjust enrichment"
1086,"Declaratory Relief"
1087,"N.J.S.A. § 49:3"
1088,"N.J.S.A. § 49:3"
1089,"Texas Securities Act § 12"
1089,"Texas Securities Act § 7"
1089,Fraud
1091,"31 U.S.C. § 5311"
1091,"31 U.S.C. § 5312"
1091,"31 U.S.C. § 5313"
1091,"31 U.S.C. § 5314"
1091,"31 U.S.C. § 5316"
1091,"31 U.S.C. § 5317"
1091,"31 U.S.C. § 5318"
1091,"31 U.S.C. § 5319"
1091,"31 U.S.C. § 5320"
1091,"31 U.S.C. § 5321"
1091,"31 U.S.C. § 5322"
1091,"31 U.S.C. § 5323"
1091,"31 U.S.C. § 5324"
1091,"31 U.S.C. § 5325"
1091,"31 U.S.C. § 5326"
1091,"31 U.S.C. § 5327"
1091,"31 U.S.C. § 5328"
1091,"31 U.S.C. § 5329"
1091,"31 U.S.C. § 5330"
1091,"31 U.S.C. § 5331"
1091,"31 U.S.C. § 5332"
1092,"7 U.S.C. § 9(1)"
1092,"7 U.S.C. § 13(a)(5)"
1092,"18 U.S.C. § 1343"
1093,"N.J.S.A § 49:3-60"
1093,"N.J.S.A § 49:3-56(a)"
1093,"N.J.S.A § 49:3-56(h)"
1094,"Exchange Act § 10(b)"
1094,"17 C.F.R. § 240.10b-5"
1094,"Securities Act § 15"
1094,"California Corp. Code § 25401"
1094,"Cal. Bus. & Prof. Code § 25504"
1094,"Cal. Corp. Code § 25504.1"
1094,Fraud
1094,Conspiracy
1094,"Negligent misrepresentation"
1094,Rescission
1094,"Quantum Meruit"
1094,"Cal. Bus. & Prof. Code § 17200"
1094,"Unjust enrichment"
1095,"Securities Act § 5(a)"
1095,"Securities Act § 5(c)"
1095,"Exchange Act § 10(b)"
1095,"17 C.F.R. § 240.10b-5"
1095,"Securities Act § 17(a)(1)"
1095,"Exchange Act § 9(a)(2)"
1095,"Exchange Act § 17(a)(3)"
1095,"Fla. Stat. § 517.061(11)"
1098,"Securities Act § 5(a)"
1098,"Securities Act § 5(c)"
1098,"Breach of Contract"
1098,"Fraudulent Misrepresentation"
1098,"Negligent misrepresentation"
1098,"Fraudulent Concealment"
1098,"Breach of the Implied Covenant of Good Faith and Fair Dealing"
1098,"Alter Ego Liability"
1098,Conspiracy
1099,"18 U.S.C. § 1960"
1099,"18 U.S.C. § 981(a)(1)(A)"
1100,"Texas Securities Act § 12"
1100,"Texas Securities Act § 7"
1100,Fraud
1101,"Texas Securities Act § 12"
1101,"Texas Securities Act § 7"
1101,Fraud
1102,"Texas Securities Act § 7"
1102,"Texas Securities Act § 12"
1102,Fraud
1103,"Patent Infringement"
1104,"CEA § 6(c)(1)"
1104,"CEA § 4b"
1105,"Securities Act § 17(a)"
1105,"Exchange Act § 10(b)"
1105,"17 C.F.R. § 240.10b-5"
1105,"Exchange Act § 13(a)"
1105,"17 C.F.R. § 240.12(b)-20"
1105,"17 C.F.R. § 240.13(a)-1"
1105,"17 C.F.R. § 240.13(a)-11"
1105,"17 C.F.R. § 240.13(a)-13"
1105,"17 C.F.R. § 240.13b2-2(a)"
1105,"17 C.F.R. § 240.13b2-2(b)"
1105,"17 C.F.R. § 240.13b2-1"
1105,"17 C.F.R. 201.13a-14"
1105,"17 C.F.R. 201.13b2-2"
1106,"Securities Act § 5(a)"
1106,"Securities Act § 5(c)"
1107,"11 U.S.C. Chapter 15"
1108,"Securities Act § 17(a)"
1108,"Exchange Act § 10(b)"
1108,"17 C.F.R. § 240.10b-5"
1109,"Exchange Act § 10(b)"
1109,"17 C.F.R. § 240.10b-5"
1109,"Securities Act § 17(a)(1)"
1109,"Securities Act § 3"
1109,"Securities Act § 5(a)"
1109,"Securities Act § 5(c)"
1109,"Unjust enrichment"
1111,"Securities Act § 17(a)(2)"
1112,"Exchange Act § 10(b)"
1112,"17 C.F.R. § 240.10b-5"
1112,"Securities Act § 17(a)"
1112,"Securities Act § 5(a)"
1112,"Securities Act § 5(c)"
1114,"Securities Act § 12(a)(1)"
1114,"Securities Act § 15(a)"
1114,"Breach of Contract"
1114,"Unjust enrichment"
1114,"Fraud in the inducement"
1114,"Fraudulent Misrepresentation"
1114,"Negligent misrepresentation"
1114,Conversion
1114,Conspiracy
1115,Fraud
1115,"Negligent misrepresentation"
1115,"Breach of Fiduciary Duty"
1115,"Breach of Contract"
1115,Conversion
1115,"Unjust enrichment"
1115,"Books and Records Accounting"
1116,"Patent Infringement"
1117,"18 U.S.C. § 982(a)(2)(A)"
1117,"18 U.S.C. § 1344"
1117,"18 U.S.C. § 1349"
1117,"18 U.S.C. § 1960"
1118,"Breach of Contract"
1118,"Fraudulent Misrepresentation"
1118,"Negligent misrepresentation"
1118,"Fraudulent Concealment"
1118,"Unjust enrichment"
1118,"Breach of the Implied Covenant of Good Faith and Fair Dealing"
1118,"18 U.S.C. § 1962(a)"
1118,"18 U.S.C. § 1962(b)"
1118,"18 U.S.C. § 1962(c)"
1118,"18 U.S.C. § 1962(d)"
1118,Conspiracy
1118,"Aiding and Abetting"
1119,"Exchange Act § 12(k)"
1120,"Securities Act § 5"
1120,"Exchange Act § 10(b)"
1120,"17 C.F.R. § 240.10b-5"
1120,"Exchange Act § 20(a)"
1120,"Securities Act § 12(a)(1)"
1120,"Securities Act § 15"
1120,Fraud
1120,"Temporary Restraining Order"
1121,"N.Y.G.B.L. § 352"
1121,"N.Y. Executive Law § 63(12)"
1122,"RCW § 21.20.430"
1123,"18 U.S.C. § 1343"
1123,"18 U.S.C. § 1349"
1123,"18 U.S.C. § 1956 (h)"
1125,"18 U.S.C. § 371"
1125,"18 U.S.C. § 982(a)(2)(A)"
1125,"18 U.S.C. § 1344"
1125,"18 U.S.C. § 1349"
1127,"Texas Securities Act § 7"
1127,"Texas Securities Act § 12"
1128,"Breach of Contract"
1128,"Quantum Meruit"
1128,"Unjust enrichment"
1131,"Securities Act § 5(a)"
1131,"Securities Act § 17(a)(2)"
1132,"18 U.S.C. § 1343"
1132,"18 U.S.C. § 981(a)(1)(C)"
1132,"28 U.S.C. § 2461(c)"
1134,"Breach of Contract"
1134,"Breach of the Implied Covenant of Good Faith and Fair Dealing"
1134,"Unjust enrichment"
1136,"Temporary Restraining Order"
1136,"Breach of Contract"
1136,"Breach of Fiduciary Duty"
1136,Negligence
1136,Conspiracy
1136,Conversion
1136,"Aiding and Abetting"
1136,"Unjust enrichment"
1136,"Books and Records Accounting"
1137,"18 U.S.C. § 1343"
1137,"18 U.S.C. § 1957"
1137,"18 U.S.C. § 981(a)(l)(C)"
1137,"18 U.S.C. § 982(A)(1)"
1137,"28 U.S.C. § 2461"
1138,"18 U.S.C. § 1956 (h)"
1139,"Texas Securities Act § 7"
1139,"Texas Securities Act § 12"
1140,"Securities Act § 5(a)"
1140,"Securities Act § 5(c)"
1141,"Declaratory Judgment"
1141,"ORS 95"
1141,"ORS 95.230"
1141,"Veil Piercing"
1141,"Fraudulent Concealment"
1141,"Fraudulent Misrepresentation"
1141,Conspiracy
1142,"Exchange Act § 10(b)"
1142,"17 C.F.R. § 240.10b-5"
1142,"Cal. Corp. Code § 25000"
1142,"Cal. Welf. & Inst. Code § 15610"
1143,"Exchange Act § 10(b)"
1143,"17 C.F.R. § 240.10b-5"
1143,"Exchange Act § 20(a)"
1143,"Securities Act § 15(a)"
1143,"Securities Act § 5(c)"
1143,"Securities Act § 12(a)(1)"
1143,Fraud
1144,"Securities Act § 5(a)"
1144,"Securities Act § 5(c)"
1144,"Securities Act § 12(a)(1)"
1144,"Securities Act § 15(a)"
1145,"18 U.S.C. § 1030"
1145,"RCW § 9A.90.050"
1145,"RCW § 9A.90.100"
1145,Conversion
1146,"CEA § 6(c)(1)"
1146,"17 C.F.R. § 180.1"
1146,"N.Y. Penal Law § 155"
1146,"Fraudulent Misrepresentation"
1146,"Breach of Fiduciary Duty"
1146,"Loss of Opportunity"
1146,"Negligent misrepresentation"
1146,"Unjust enrichment"
1146,"Constructive Trust"
1147,"Breach of Contract"
1147,"Breach of the Implied Covenant of Good Faith and Fair Dealing"
1147,"Declaratory Judgment"
1147,Fraud
1147,"Quantum Meruit"
1148,"Breach of Contract"
1148,"Unjust enrichment"
1149,"Securities Act § 12(a)(1)"
1149,"Exchange Act § 15(a)"
1149,"Breach of Contract"
1149,"Breach of Fiduciary Duty"
1149,"Aiding and Abetting"
1149,Fraud
1149,"Negligent misrepresentation"
1149,"Constructive Fraud"
1149,"Unjust enrichment"
1149,Conspiracy
1150,"Exchange Act § 10(b)"
1150,"17 C.F.R. § 240.10b-5"
1150,"Exchange Act § 20(a)"
1151,Conversion
1151,"Unjust enrichment"
1151,"Cal. Penal Code § 502"
1151,"18 U.S.C. § 1962(c)"
1151,"Constructive Trust"
1152,"Breach of Contract"
1152,Fraud
1152,"N.Y. JUD § 487"
1152,"KRS § 292.310"
1152,Attachment
1152,"Veil Piercing"
1153,"Fraud in the inducement"
1153,"Breach of Fiduciary Duty"
1153,"Fraudulent Misrepresentation"
1153,"Negligent misrepresentation"
1153,Rescission
1153,"Unjust enrichment"
1153,Conversion
1153,Conspiracy
1153,"Books and Records Accounting"
1153,"Constructive Trust"
1154,"KRS § 292.310"
1154,"Declaratory Judgment"
1154,"United States Constitution, Article I (Commerce Clause)"
1154,"Fourteenth Amendment"
1154,"42 U.S.C. § 1983"
1154,"42 U.S.C. § 1988"
1154,"Federal Power Act"
1154,"RCW § 54"
1154,"Wa. Const. Art. 1 Sec. 12"
1155,"Breach of Contract"
1155,"Constructive Trust"
1155,Conversion
1155,"Fraudulent Misrepresentation"
1155,"Exchange Act § 10(b)"
1155,"17 C.F.R. § 240.10b-5"
1156,"Securities Act § 12(a)(2)"
1156,"Exchange Act § 10(b)"
1156,"17 C.F.R. § 240.10b-5"
1156,"Mass. Uniform Securities Act § 101"
1156,"Breach of Contract"
1156,"Breach of the Implied Covenant of Good Faith and Fair Dealing"
1156,"Unjust enrichment"
1156,"Breach of Fiduciary Duty"
1156,Fraud
1156,"Negligent misrepresentation"
1156,"G.L.C. 93A § 2"
1156,"G.L.C. 93A § 11"
1157,"Securities Act § 5(a)"
1157,"Securities Act § 5(c)"
1158,"15 U.S.C. § 2"
1158,"Negligent misrepresentation"
1158,Negligence
1158,"Equitable Estoppel"
1158,"Unjust enrichment"
1158,Conversion
1158,"KRS § 292.310"
1159,"Breach of the Implied Covenant of Good Faith and Fair Dealing"
1159,"Cal. Bus. & Prof. Code § 17200"
1159,"Negligent misrepresentation"
1160,"Fraud in the inducement"
1160,"Breach of Contract"
1161,"Securities Act § 17b"
1162,"Securities Act § 17b"
1163,"Breach of Contract"
1163,"Promissory Estoppel"
1164,"Texas Securities Act § 12"
1164,"Texas Securities Act § 7"
1164,Fraud
1165,"15 U.S.C. § 78j(b)"
1165,"15 U.S.C. § 78ff"
1165,"17 C.F.R. § 240.10b-5(a)"
1165,"18 U.S.C. § 1343"
1165,"18 U.S.C. § 981(a)(1)(C)"
1165,"28 U.S.C. § 2461(c)"
1166,"Breach of Fiduciary Duty"
1166,Conversion
1166,Fraud
1166,"17 C.F.R. § 240.10b-5"
1166,"8 Del. C. § 124"
1167,"11 U.S.C. Chapter 11"
1169,"Securities Act § 5(a)"
1169,"Securities Act § 5(c)"
1170,"Securities Act § 5(a)"
1170,"Securities Act § 5(c)"
1171,"Securities Act § 12(a)(2)"
1171,"Exchange Act § 15(a)"
1171,"Exchange Act § 10(b)"
1171,"17 C.F.R. § 240.10b-5"
1171,"Exchange Act § 20(a)"
1171,Fraud
1172,"Exchange Act § 5"
1173,"Breach of Contract"
1173,"Violation of Trade Secrets"
1173,"Cal. Bus. & Prof. Code § 17200"
1174,"Enforcement of Order"
1174,"Breach of Contract"
1174,"Tortious Interference"
1174,"Declaratory Judgment"
1175,"18 U.S.C. § 1030"
1175,"18 U.S.C. § 1030(a)(5)(A)"
1175,"RCW § 9A.90.040"
1175,"RCW § 9A.90.100"
1175,Conversion
1176,"Breach of Contract"
1177,"Securities Act § 5"
1177,"Securities Act § 12(a)(1)"
1177,"Securities Act § 15"
1177,"California Corp. Code § 25110"
1177,"Cal. Corp. Code § 25503"
1177,"California Corp. Code § 25401"
1177,"Cal. Bus. & Prof. Code § 25504"
1177,"Cal. Bus. & Prof. Code § 17500"
1177,"Cal. Bus. & Prof. Code § 17200"
1178,"Texas Securities Act § 12"
1178,"Texas Securities Act § 7"
1178,Fraud
1179,"Texas Securities Act § 7"
1179,"Texas Securities Act § 12"
1179,Fraud
1180,"Breach of Fiduciary Duty"
1180,"Unjust enrichment"
1180,"Abuse of Control"
1180,"Corporate Waste"
1181,"Securities Act § 12(a)(1)"
1181,"Securities Act § 15(a)"
1181,"O.C.G.A. § 10-5-20"
1183,"Breach of Fiduciary Duty"
1183,"Unjust enrichment"
1183,"Corporate Waste"
1185,"Breach of Contract"
1185,"Unjust enrichment"
1185,"Account Stated"
1186,"Declaratory Judgment"
1186,"47 C.F.R. § 206.222"
1186,"47 C.F.R. § 64.2001"
1186,Negligence
1186,"Negligent misrepresentation"
1186,"Negligent Supervision"
1186,"Breach of Contract"
1186,"Breach of the Implied Covenant of Good Faith and Fair Dealing"
1188,"Declaratory Judgment"
1188,"47 C.F.R. § 206.222"
1188,"47 C.F.R. § 64.2001"
1188,Negligence
1188,"Negligent misrepresentation"
1188,"Negligent Supervision"
1188,"Breach of Contract"
1188,"Breach of the Implied Covenant of Good Faith and Fair Dealing"
1189,"N.D.C.C. § 10-04"
1190,"N.D.C.C. § 10-04"
1191,Fraud
1191,Conversion
1191,"Unjust enrichment"
1191,"Breach of Contract"
1191,"Unfair Competition"
1191,"Faithless Servant"
1191,"Tortious Interference"
1191,"Constructive Trust"
1191,"Declaratory Relief"
1191,"Permanent Injunction"
1192,"Securities Act § 19(c)"
1192,"Exchange Act § 21"
1193,"Exchange Act § 10(b)"
1193,"17 C.F.R. § 240.10b-5"
1193,"Securities Act § 17(a)"
1193,"Securities Act § 5(a)"
1193,"Securities Act § 5(c)"
1193,"Exchange Act § 5"
1194,"N.D.C.C. § 10-04"
1195,"C.R.S. § 11-51-301"
1195,"C.R.S. § 11-51-501(1)"
1196,"Exchange Act § 10(b)"
1196,"17 C.F.R. § 240.10b-5"
1196,"Exchange Act § 9(a)(1)"
1196,"Exchange Act § 9(f)"
1196,"Exchange Act § 20(a)"
1197,"CEA § 4b(a)(2)(A)"
1197,"17 C.F.R. § 4.21"
1197,"17 C.F.R. § 3.12(a)"
1197,"CEA § 6(c)(1)"
1197,"CEA § 4b"
1198,"Securities Act § 5(c)"
1198,"Exchange Act § 6(1)"
1198,"Exchange Act § 15(a)(1)"
1199,"CEA § 4(a)"
1199,"CEA § 4d(a)(1)"
1199,"CEA § 6(c)(3)"
1200,"18 U.S.C. § 981(a)(1)(A)"
1200,"18 U.S.C. § 371"
1200,"18 U.S.C. § 1960"
1203,"Lanham Act § 32(1)(a)"
1203,"Unfair Competition"
1203,"N.Y.G.B.L. § 350"
1203,"N.Y.G.B.L. § 349"
1203,"N.Y.G.B.L. § 360-L"
1203,Misappropriation
1204,"N.D.C.C. § 10-04"
1205,"N.D.C.C. § 10-04"
1207,"Breach of Fiduciary Duty"
1207,"Aiding and Abetting"
1207,"Tortious Interference"
1207,Conspiracy
1207,"Unjust enrichment"
1208,"17 C.F.R. § 240.10b-5(a)"
1208,"17 C.F.R. § 240.10b-5"
1208,"Negligent misrepresentation"
1208,"Securities Act § 5"
1208,"NASD Rule 3040"
1208,"FINRA Rule 3280"
1209,"Exchange Act § 15(a)"
1209,"Securities Act § 5(a)"
1209,"Securities Act § 5(c)"
1210,"Advisers Act § 203(c)"
1210,"Advisers Act § 203(f)"
1210,"Advisers Act § 203(k)"
1210,"Investment Company Act § 9(f)"
1211,"Breach of Fiduciary Duty"
1211,Fraud
1211,"Constructive Trust"
1211,"Books and Records Accounting"
1213,"Exchange Act § 12(k)"
1214,"Exchange Act § 10(b)"
1214,"17 C.F.R. § 240.10b-5"
1214,"Securities Act § 17(a)"
1214,"Securities Act § 17(b)"
1214,"Exchange Act § 9a"
1214,"Securities Act § 5(a)"
1214,"Securities Act § 5(c)"
1214,"Exchange Act § 13(d)"
1214,"Exchange Act § 13(d)-1(a)"
1214,"Aiding and Abetting"
1215,"Breach of Contract"
1215,"Breach of the Implied Covenant of Good Faith and Fair Dealing"
1215,"N.Y. Labor Law § 191-C"
1215,"New York Labor Law"
1216,"Fraud in the inducement"
1216,"Negligent misrepresentation"
1216,"Negligent Supervision"
1216,"Constructive Trust"
1217,"C.R.S. § 11-51-501(1)"
1217,"C.R.S. § 11-51-301"
1218,"C.R.S. § 11-51-501(1)"
1218,"C.R.S. § 11-51-301"
1219,"N.Y.G.B.L. § 352"
1220,"18 U.S.C. § 1343"
1221,"Securities Act § 17(a)"
1221,"Exchange Act § 10(b)"
1221,"17 C.F.R. § 240.10b-5"
1226,"Declaratory Relief"
1226,"47 U.S.C. § 206"
1226,"47 U.S.C. § 222"
1226,"Cal. Penal Code § 502"
1226,"Cal. Bus. & Prof. Code § 17200"
1226,"Cal. Consumer Legal Remedies Act § 1750"
1226,"Cal. Civ. Code § 1709"
1226,"Cal. Civ. Code § 1710"
1226,"Fraudulent Misrepresentation"
1226,Negligence
1226,"Negligent Supervision"
1226,"Negligent Hiring"
1226,"Breach of Contract"
1226,"Breach of the Implied Covenant of Good Faith and Fair Dealing"
1227,"Securities Act § 5(a)"
1227,"Securities Act § 5(c)"
1227,"Exchange Act § 10(b)"
1227,"17 C.F.R. § 240.10b-5"
1228,"Securities Act § 5"
1228,"Securities Act § 12(a)(1)"
1228,"Securities Act § 15"
1229,"C.R.S. § 11-51-301"
1229,"C.R.S. § 11-51-501(1)"
1230,"C.R.S. § 11-51-301"
1230,"C.R.S. § 11-51-501(1)"
1232,"18 U.S.C. § 1960(a)"
1232,"31 U.S.C. § 5318(h)"
1232,"18 U.S.C. §1956(a)(2)(A)"
1232,"18 U.S.C. § 371"
1232,"31 U.S.C. § 5324(c)"
1232,"18 U.S.C. § 982(A)(1)"
1232,"18 U.S.C. § 982(b)(1)"
1232,"31 U.S.C. § 5317(c)(1)(A)"
1232,"31 U.S.C. § 5317(c)(1)(B)"
1233,"Securities Act § 5"
1233,"Securities Act § 12(a)(1)"
1233,"Securities Act § 15"
1235,"Exchange Act § 10(b)"
1235,"17 C.F.R. § 240.10b-5"
1235,"Securities Act § 5"
1235,"Tex. Rev. Civ. Stat. § 581-33"
1235,"Fla. Stat. Ann. § 726.105"
1235,"Fla. Stat. Ann. § 726.102(14)"
1238,"Declaratory Judgment"
1238,"Fraudulent Misrepresentation"
1240,Fraud
1240,Conversion
1240,"Fraudulent Misrepresentation"
1240,"Negligent misrepresentation"
1240,"Unjust enrichment"
1240,"Attorneys' Fees"
1242,Conversion
1242,"Unjust enrichment"
1243,"18 U.S.C. § 1962(d)"
1243,"18 U.S.C. § 1349"
1243,"18 U.S.C. § 1956 (h)"
1243,"18 U.S.C. § 1028A"
1244,"Securities Act § 5(a)"
1244,"Securities Act § 5(c)"
1245,"Breach of Warranty"
1245,"Fraudulent Misrepresentation"
1245,"Negligent misrepresentation"
1245,Conversion
1245,"Cal. Bus. & Prof. Code § 17200"
1246,"Breach of Fiduciary Duty"
1246,"Unjust enrichment"
1246,"Abuse of Control"
1246,"Gross Mismanagement"
1246,"Corporate Waste"
1247,"Securities Act § 12(a)(1)"
1247,"Securities Act § 15"
1249,"Grand Larceny"
1249,"N.Y. Penal Law § 165.54"
1249,"N.Y. Penal Law § 135.20"
1249,"N.Y. Penal Law § 160.15(4)"
1249,"N.Y. Penal Law § 265.09(1)(b)"
1249,"N.Y. Penal Law §140.25(2)"
1250,"Securities Act § 12(a)(1)"
1250,"Securities Act § 15"
1252,"9 V.S.A. § 5301"
1252,"9 V.S.A. § 5401(a)"
1252,"9 V.S.A. § 5402(a)"
1252,"V.S.R § 3-1(c)(16)"
1253,"N.J.S.A. § 49:3-56"
1253,"N.J.S.A. § 49:3-52(b)"
1255,"Exchange Act § 10(b)"
1255,"17 C.F.R. § 240.10b-5"
1255,"Securities Act § 17"
1255,"Securities Act § 5(a)"
1255,"Securities Act § 5(c)"
1255,"Exchange Act § 5"
1256,"N.J.S.A. § 49:3-56"
1256,"N.J.S.A. § 49:3-52(b)"
1257,"S.C. Code Ann. § 35-1-301"
1257,"S.C. Code Ann. § 35-1-401(a)"
1257,"S.C. Code Ann. § 35-1-401(d)"
1258,"Maryland Securities Act § 11-301"
1258,"Maryland Securities Act § 11-402"
1258,"Maryland Securities Act § 11-401"
1258,"Maryland Securities Act § 11-501"
1259,"N.J.S.A. § 49:3-52(b)"
1259,"N.J.S.A. § 49:3-56"
1263,"Breach of Contract"
1263,"Violation of Trade Secrets"
1263,"Intentional Interference with
Prospective Economic Advantage"
1263,"Unfair Competition"
1264,"Texas Securities Act § 23-2"
1264,"Texas Securities Act § 7"
1264,"Texas Securities Act § 12"
1266,"15 U.S.C. § 1125"
1266,"Trademark Infringement"
1266,"Unfair Competition"
1267,"Texas Securities Act § 23-2"
1267,"Texas Securities Act § 12"
1267,"Texas Securities Act § 7"
1268,"Texas Securities Act § 23-2"
1268,"Texas Securities Act § 7"
1268,"Texas Securities Act § 12"
1269,"15 U.S.C. § 1601"
1270,"N.C. Gen. Stat. § 78A-24"
1270,"N.C. Gen. Stat. § 78A-36"
1271,"Securities Act § 5"
1271,"Securities Act § 12(a)(1)"
1271,"California Corp. Code § 25110"
1271,"Cal. Corp. Code § 25503"
1271,"Securities Act § 15"
1271,"Cal. Bus. & Prof. Code § 25504"
1272,"C.R.S. § 11-51-201"
1272,"C.R.S. § 301"
1273,"15 U.S.C. § 1601"
1273,"Breach of Contract"
1273,"12 C.F.R. § 1026 Reg. Z"
1274,"C.R.S. § 11-51-201"
1274,"C.R.S. § 301"
1276,"N.C. Gen. Stat. § 78A-24"
1276,"N.C. Gen. Stat. § 78A-36"
1277,"Exchange Act § 10(b)"
1277,"17 C.F.R. § 240.10b-5"
1277,"Exchange Act § 20(a)"
1278,"15 U.S.C. § 78j(b)"
1278,"15 U.S.C. § 78ff"
1278,"17 C.F.R. § 240.10b-5(a)"
1278,"18 U.S.C. § 371"
1278,"18 U.S.C. § 1343"
1278,"18 U.S.C. § 1349"
1278,"18 U.S.C. § 2"
1280,"17 C.F.R. § 4.41(a)"
1280,"CEA § 4(d)"
1280,"17 C.F.R. § 166.3"
1280,"CEA § 4d(a)(1)"
1280,"17 C.F.R. § 5.2"
1280,"CEA § 6(c)(1)"
1280,"17 C.F.R. § 32.2"
1281,"18 U.S.C. § 1349"
1281,"18 U.S.C. § 3551 et seq."
1281,"18 U.S.C. § 1512(c)"
1281,"18 U.S.C. § 2"
1281,"18 U.S.C. § 1001(a)(2)"
1282,"12 C.F.R. § 1026 Reg. Z"
1282,"15 U.S.C. § 1601"
1283,Rescission
1283,"Fraud in the inducement"
1283,Conversion
1283,"Unjust enrichment"
1284,"Exchange Act § 10(b)"
1284,"17 C.F.R. § 240.10b-5"
1284,"Exchange Act § 20(a)"
1285,Fraud
1285,"Declaratory Judgment"
1285,Conspiracy
1285,"Breach of Contract"
1285,"Breach of the Implied Covenant of Good Faith and Fair Dealing"
1286,"47 U.S.C. § 227"
1287,"Securities Act § 12(a)(1)"
1287,"Securities Act § 15"
1287,"Negligent misrepresentation"
1287,"Unjust enrichment"
1287,Conspiracy
1289,"Securities Act § 17(a)"
1289,"Exchange Act § 10(b)"
1289,"17 C.F.R. § 240.10b-5"
1289,"Securities Act § 5"
1290,"Exchange Act § 10(b)"
1290,"17 C.F.R. 201.10(b)-5(a)-(c)"
1290,"Securities Act § 17(a)(1)-(3)"
1290,"Securities Act § 5(a)"
1290,"Securities Act § 5(c)"
1290,"5 U.S.C. § 703"
1290,"Aiding and Abetting"
1291,"Trademark Infringement"
1291,"Unfair Competition"
1291,"N.Y.G.B.L. § 350"
1291,"Trademark Dilution"
1292,"15 U.S.C. § 78j(b)"
1292,"15 U.S.C. § 78ff"
1292,"17 C.F.R. § 240.10b-5(a)"
1292,"18 U.S.C. § 371"
1292,"18 U.S.C. § 1343"
1292,"18 U.S.C. § 1349"
1292,"18 U.S.C. § 2"
1293,"Tortious Interference"
1294,"Breach of Contract"
1294,Negligence
1294,Conversion
1295,"Mass. Gen. Laws Ch. 110A § 301"
1296,"Mass. Gen. Laws Ch. 110A § 301"
1297,"Mass. Gen. Laws Ch. 110A § 301"
1298,"Mass. Gen. Laws Ch. 110A § 301"
1299,"Mass. Gen. Laws Ch. 110A § 301"
1300,"DGCL § 220"
1302,"Securities Act § 12(a)(1)"
1302,"Securities Act § 15"
1302,"RCW § 21.20"
1302,Rescission
1305,"S.C. Code Ann. § 35-1-101"
1306,"N.J.S.A. § 49:3"
1308,"Cal. Code Civ. Proc. § 1500"
1308,"Cal. Bus. & Prof. Code § 17200"
1308,Conversion
1309,"Cal. Bus. & Prof. Code § 17200"
1309,Negligence
1309,"Negligent misrepresentation"
1310,"Texas Securities Act § 23-2"
1311,"Exchange Act § 10(b)"
1311,"17 C.F.R. § 240.10b-5"
1311,"Securities Act § 17"
1311,"Securities Act § 5(a)"
1311,"Securities Act § 5(c)"
1311,"Exchange Act § 5"
1311,"Securities Act § 17(a)(1)-(3)"
1312,"18 U.S.C. § 1621"
1312,"18 U.S.C. § 1512"
1313,"15 U.S.C. § 45(a)"
1315,"Exchange Act § 10(b)"
1315,"17 C.F.R. § 240.10b-5"
1315,"Exchange Act § 20(a)"
1317,"Securities Act § 17(a)(1)-(3)"
1319,"Securities Act § 17(a)(1)-(3)"
1320,"Securities Act § 17(a)(1)-(3)"
1322,"Texas Securities Act § 23-2"
1322,"Texas Securities Act § 7"
1322,"Texas Securities Act § 12"
1323,Conversion
1323,Misappropriation
1323,Replevin
1323,"Breach of Fiduciary Duty"
1323,"Fla. Stat. § 620.8202"
1323,"Unjust enrichment"
1325,Negligence
1325,"Breach of Contract"
1325,"Breach of Bailment"
1325,"Gross Negligence"
1326,"Securities Act § 5(a)"
1326,"Securities Act § 5(c)"
1326,"Securities Act § 12(a)(1)"
1326,"Securities Act § 15"
1326,"Securities Act § 17(a)(1)"
1326,"Exchange Act § 20(a)"
1326,Fraud
1326,"Aiding and Abetting"
1326,"Fla. Stat. § 501.201"
1326,"Fla. Stat. § 517.011"
1326,"R.I. Gen. Laws § 6-13.1 et seq."
1326,"R.I. Gen. Laws § 7-11"
1327,"18 U.S.C. § 1349"
1327,"18 U.S.C. § 1343"
1327,"18 U.S.C. § 2"
1327,"18 U.S.C. § 1956 (h)"
1327,"18 U.S.C. § 371"
1327,"15 U.S.C. § 78j(b)"
1327,"15 U.S.C. § 78ff"
1329,"47 U.S.C. § 222"
1329,"Breach of Contract"
1329,Negligence
1329,"RCW § 19.86"
1329,"Negligent Hiring"
1329,"Negligent Supervision"
1329,"Negligent Infliction of Emotional Distress"
1330,"Texas Securities Act § 23-2"
1330,"Texas Securities Act § 7"
1330,"Texas Securities Act § 12"
1331,"Breach of Contract"
1331,"Breach of the Implied Covenant of Good Faith and Fair Dealing"
1332,"Securities Act § 12(a)(1)"
1332,"Securities Act § 15"
1333,"KRS § 292.310"
1333,"Securities Act § 5(a)"
1333,"Securities Act § 5(c)"
1333,"Breach of Contract"
1333,"Fraudulent Concealment"
1333,"KRS § 367.120"
1335,"Securities Act § 5(a)"
1335,"Securities Act § 5(c)"
1335,"Securities Act § 17"
1335,"Exchange Act § 10(b)"
1335,"17 C.F.R. § 240.10b-5"
1335,"5 U.S.C. § 703"
1335,"Aiding and Abetting"
1336,"Securities Act § 5(a)"
1336,"Securities Act § 5(c)"
1336,"Securities Act § 17(a)(1)"
1336,Rescission
1336,"Fla. Stat. § 517.011"
1336,"Fla. Stat. § 501.201"
1336,"Fraud in the inducement"
1336,"Fraudulent Misrepresentation"
1336,"Negligent misrepresentation"
1336,Conversion
1336,Conspiracy
1337,"Breach of Fiduciary Duty"
1337,"Unjust enrichment"
1338,"Texas Securities Act § 23-2"
1338,"Texas Securities Act § 12"
1338,"Texas Securities Act § 7"
1339,"Exchange Act § 10(b)"
1339,"17 C.F.R. § 240.10b-5"
1339,"Exchange Act § 20(a)"
1340,Negligence
1340,Fraud
1340,"Tortious Interference"
1344,"CEA § 4(d)"
1344,"17 C.F.R. § 5.2"
1344,"CEA § 4o(1)(A)"
1344,"CEA § 4m(1)"
1344,"CEA § 4k(2)"
1344,"17 C.F.R. § 180.1(a)(2)"
1344,"17 C.F.R. § 4.22"
1346,"Exchange Act § 10(b)"
1346,"17 C.F.R. § 240.10b-5"
1346,"Exchange Act § 20(a)"
1347,"CEA § 6(c)(1)"
1347,"CEA § 4b"
1348,"Mass. Gen. Laws Ch. 110A § 301"
1348,"Mass. Gen. Laws ch. 110A § 301"
1349,"CEA § 6(c)(1)"
1349,"CEA § 4b"
1351,"Securities Act § 17(a)(1)-(3)"
1352,"Texas Securities Act § 23-2"
1352,"Texas Securities Act § 12"
1352,"Texas Securities Act § 7"
1354,"Exchange Act § 10(b)"
1354,"17 C.F.R. § 240.10b-5"
1354,"Exchange Act § 20(a)"
1355,"Securities Act § 5(a)"
1355,"Securities Act § 5(c)"
1355,"Securities Act § 17(a)(1)"
1355,Rescission
1355,"Alter Ego Liability"
1355,"Fla. Stat. § 517.011"
1355,"Fla. Stat. § 501.201"
1358,"Securities Act § 12(a)(1)"
1358,"Securities Act § 15"
1359,"California Corp. Code § 25110"
1359,"Cal. Bus. & Prof. Code § 17200"
1361,"Securities Act § 5(a)"
1361,"Securities Act § 5(c)"
1362,"18 U.S.C. § 1960"
1363,"Exchange Act § 10(b)"
1363,"17 C.F.R. § 240.10b-5"
1363,"Securities Act § 17(a)"
1363,"Securities Act § 5(a)"
1363,"Securities Act § 5(c)"
1363,"5 U.S.C. § 703"
1363,"Aiding and Abetting"
1365,"18 U.S.C. § 1956"
1366,"Securities Act § 12(a)(1)"
1366,"Securities Act § 15"
1367,"Securities Act § 5(a)"
1367,"Securities Act § 5(c)"
1367,"Securities Act § 15"
1368,"Securities Act § 5(a)"
1368,"Securities Act § 5(c)"
1368,"Securities Act § 17(a)(1)"
1368,Rescission
1368,"Alter Ego Liability"
1368,"Fla. Stat. § 517.011"
1368,"Fla. Stat. § 501.201"
1371,Negligence
1371,"Breach of Contract"
1371,"Unjust enrichment"
1371,"Fraud in the inducement"
1371,"Fraudulent Misrepresentation"
1371,"Negligent misrepresentation"
1372,"18 U.S.C. § 371"
1372,"18 U.S.C. § 3551 et seq."
1373,"Securities Act § 5(a)"
1373,"Securities Act § 5(c)"
1373,"Securities Act § 17(a)(1)"
1373,"Cal. Bus. & Prof. Code § 17200"
1373,"Cal. Bus. & Prof. Code § 17500"
1373,"Alter Ego Liability"
1374,"18 U.S.C. § 1960"
1376,"18 U.S.C. § 1956(a)(1)(B)(i)"
1377,"Exchange Act § 10(b)"
1377,"17 C.F.R. § 240.10b-5"
1377,"Securities Act § 17(a)"
1377,"Securities Act § 5(a)"
1377,"Securities Act § 5(c)"
1377,"5 U.S.C. § 703"
1377,"Aiding and Abetting"
1378,"18 U.S.C. § 1030"
1378,Conversion
1378,"17 U.S.C. § 501"
1378,"Breach of Contract"
1378,"Unjust enrichment"
1378,"Declaratory Judgment"
1378,"KRS § 292.310"
1379,"CEA § 6(c)(1)"
1379,"CEA § 4b"
1380,"Breach of Contract"
1380,"Tortious Interference"
1383,"Not Applicable"
1384,"Not Applicable"
1385,"Not Applicable"
1387,"18 U.S.C. § 1956(a)(3)(B)"
1387,"18 U.S.C. § 1960(b)(1)(B)"
1388,"18 U.S.C. § 1343"
1389,"Securities Act § 17(a)"
1389,"Exchange Act § 10(b)"
1389,"17 C.F.R. § 240.10b-5"
1389,"5 U.S.C. § 703"
1389,"Not Applicable"
1389,"Unjust enrichment"
1389,"Aiding and Abetting"
1390,"18 U.S.C. § 1343"
1390,"18 U.S.C. § 2"
1391,"18 U.S.C. § 922(g)(1)"
1391,"18 U.S.C. § 924(a)(2)"
1392,"Exchange Act § 12(k)"
1393,"26 U.S.C. § 7604"
1394,"18 U.S.C. § 1960"
1394,"18 U.S.C. § 1956 (h)"
1394,"18 U.S.C. § 1956(a)(1)"
1394,"12 U.S.C. § 1957"
1394,"18 U.S.C. § 982(A)(1)"
1395,"Aiding and Abetting"
1395,"Breach of Fiduciary Duty"
1395,Conversion
1395,Negligence
1395,"Unjust enrichment"
1396,Conversion
1396,Negligence
1396,"Unjust enrichment"
1396,"Specific Performance"
1396,"Fla. Stat. § 501.201"
1396,"KRS § 292.310"
1396,"Fraudulent Transfer"
1396,Conspiracy
1397,"Not Applicable"
1398,"Exchange Act § 20(a)"
1398,"Conn. Gen. Stat. § 36b-2"
1398,Fraud
1398,"Aiding and Abetting"
1398,"Exchange Act § 10(b)"
1398,"17 C.F.R. § 240.10b-5"
1399,"CEA § 4(a)"
1399,"17 C.F.R. § 1.6"
1400,"18 U.S.C. § 1960"
1401,"Exchange Act § 10(b)"
1401,"17 C.F.R. § 240.10b-5"
1401,"Securities Act § 17(a)"
1401,"Securities Act § 5(a)"
1401,"Securities Act § 5(c)"
1402,"18 U.S.C. § 371"
1402,"18 U.S.C. § 1960(a)"
1402,"18 U.S.C. § 1960 (b)(1)-(2)"
1402,"18 U.S.C. § 1956(a)"
1402,"31 U.S.C. § 5313"
1402,"31 U.S.C. § 5322"
1402,"18 U.S.C. § 2"
1402,"18 U.S.C. § 1343"
1403,"18 U.S.C. § 1956(a)(1)(B)(i)"
1403,"18 U.S.C. § 1960(2)"
1404,"CEA § 4(d)"
1404,"CEA § 5h(a)(1)"
1404,"17 C.F.R. § 180.1(a)(3)"
1404,"CEA § 4o(1)(A)"
1404,"17 C.F.R. § 166.3"
1404,"17 C.F.R. § 37.3(a)(1)"
1407,"15 U.S.C. § 45(a)"
1407,"N.J.S.A. § 56:8-1"
1408,"12 U.S.C. § 1829b"
1408,"12 U.S.C. § 1951"
1408,"12 U.S.C. § 1952"
1408,"12 U.S.C. § 1953"
1408,"12 U.S.C. § 1954"
1408,"12 U.S.C. § 1955"
1408,"12 U.S.C. § 1956"
1408,"12 U.S.C. § 1957"
1408,"12 U.S.C. § 1958"
1408,"12 U.S.C. § 1959"
1408,"31 U.S.C. § 5311"
1408,"31 U.S.C. § 5312"
1408,"31 U.S.C. § 5313"
1408,"31 U.S.C. § 5314"
1408,"31 U.S.C. § 5316"
1408,"31 U.S.C. § 5317"
1408,"31 U.S.C. § 5318"
1408,"31 U.S.C. § 5319"
1408,"31 U.S.C. § 5320"
1408,"31 U.S.C. § 5321"
1408,"31 U.S.C. § 5322"
1408,"31 U.S.C. § 5323"
1408,"31 U.S.C. § 5324"
1408,"31 U.S.C. § 5325"
1408,"31 U.S.C. § 5326"
1408,"31 U.S.C. § 5327"
1408,"31 U.S.C. § 5328"
1408,"31 U.S.C. § 5329"
1408,"31 U.S.C. § 5330"
1408,"31 U.S.C. § 5331"
1408,"31 U.S.C. § 5332"
1409,Interpleader
1410,"Exchange Act § 15(b)"
1410,"Exchange Act § 21C"
1410,"Investment Company Act § 9(b)"
1413,"Miss. Code Ann. § 75-2-301"
1413,"Miss. Code Ann. § 75-2-313"
1413,"Miss. Code Ann. § 75-2-314"
1413,"Miss. Code Ann. § 75-2-315"
1413,"Miss. Code Ann. § 75-2-503"
1413,"Miss. Code Ann. § 75-2-509"
1413,"Miss. Code Ann. § 75-8-507"
1413,"Breach of Contract"
1413,Conspiracy
1413,"Account Stated"
1413,Negligence
1413,"Gross Negligence"
1413,Conversion
1413,"Constructive Trust"
1413,"Specific Performance"
1413,"Unjust enrichment"
1413,"Breach of Bailment"
1413,Fraud
1413,"Negligent misrepresentation"
1413,"Punitive Damages"
1413,"Vicarious Liability"
1413,"Veil Piercing"
1413,"Breach of Fiduciary Duty"
1414,"15 U.S.C. § 45(a)"
1415,"Fla. Stat. § 501.201"
1415,"Fraud in the inducement"
1415,"Fla. Stat. § 772.11"
1415,"Fla. Stat. § 517.011"
1416,"Securities Act § 5(a)"
1416,"Securities Act § 5(c)"
1418,"Texas Securities Act § 23-2"
1419,"21 U.S.C. § 846"
1419,"21 U.S.C. § 848(a)"
1419,"18 U.S.C. § 1030(b)"
1419,"18 U.S.C. § 1956 (h)"
1422,"18 U.S.C. § 1960"
1422,"18 U.S.C. § 1956"
1422,"31 U.S.C. § 5318"
1422,"31 U.S.C. § 5322"
1423,"Securities Act § 17(a)"
1423,"Exchange Act § 10(b)"
1423,"17 C.F.R. § 240.10b-5"
1423,"Securities Act § 5(a)"
1423,"Securities Act § 5(c)"
1425,"18 U.S.C. § 1956 (h)"
1425,"18 U.S.C. § 371"
1425,"18 U.S.C. § 1960"
1430,"Breach of Contract"
1430,"Unjust enrichment"
1430,"Fraud in the inducement"
1431,"Aiding and Abetting"
1431,Fraud
1431,"Breach of Fiduciary Duty"
1431,"Unjust enrichment"
1431,Negligence
1432,Fraud
1432,"Texas Securities Act § 12"
1433,"Constructive Fraud"
1433,"Breach of Fiduciary Duty"
1433,Negligence
1434,"17 CFR § 240.14a-9"
1434,"Breach of Fiduciary Duty"
1434,"Aiding and Abetting"
1434,"Unjust enrichment"
1434,"Corporate Waste"
1434,"15 U.S.C. § 78n(a)"
1435,"Fraudulent Concealment"
1435,Conversion
1435,"Breach of Contract"
1435,"Breach of the Implied Covenant of Good Faith and Fair Dealing"
1435,"Unjust enrichment"
1435,"815 I.L.C.S. § 505"
1436,Fraud
1436,"18 U.S.C. § 1343"
1436,"18 U.S.C. § 1957"
1437,"18 U.S.C. § 1962(c)"
1437,"18 U.S.C. § 1964"
1437,"18 U.S.C. § 1962(d)"
1437,"Aiding and Abetting"
1437,Fraud
1437,Conversion
1437,"Conn. Gen. Stat. § 42-110b"
1437,"N.Y. U.C.C. § 4-A-207"
1438,"7 U.S.C. § 1"
1438,"7 U.S.C. § 9(1)"
1438,"7 U.S.C. § 25(a)(1)(b)"
1438,"17 C.F.R. § 180.1"
1438,"7 U.S.C. § 13c"
1439,"Securities Act § 5"
1439,"Securities Act § 12(a)(1)"
1439,"Exchange Act § 10(b)"
1439,"17 C.F.R. § 240.10b-5"
1439,"Securities Act § 15"
1439,"Exchange Act § 20(a)"
1439,"D.C. Code § 31-5606.05(a)(1)(A)"
1439,"D.C. Code § 31-5606.05(a)(1)(B)"
1439,"D.C. Code § 31-5606.05(c)"
1439,Fraud
1439,"Negligent misrepresentation"
1439,"Breach of Fiduciary Duty"
1439,"Unjust enrichment"
1439,"Aiding and Abetting"
1440,"Securities Act § 17(a)"
1440,"Exchange Act § 10(b)"
1440,"17 C.F.R. § 240.10b-5"
1440,"Exchange Act § 20(a)"
1440,"18 U.S.C. § 1962(c)"
1440,"18 U.S.C. § 1962(d)"
1440,"California Corp. Code § 25110"
1440,"California Corp. Code § 25401"
1440,"Cal. Corp. Code § 25501"
1440,"Cal. Corp. Code § 25504.1"
1440,Fraud
1440,"Breach of Contract"
1440,"Breach of the Implied Covenant of Good Faith and Fair Dealing"
1440,"Cal. Bus. & Prof. Code § 17200"
1440,Conversion
1440,"Unjust enrichment"
1440,"15 U.S.C. § 77e"
1441,"N.Y.G.B.L. § 349"
1441,"N.Y.G.B.L. § 350"
1441,"Negligent misrepresentation"
1441,Fraud
1441,"Fraud in the inducement"
1441,"Breach of Contract"
1441,"Unjust enrichment"
1448,"Breach of Fiduciary Duty"
1448,"Aiding and Abetting"
1448,"Corporate Waste"
1448,"Unjust enrichment"
1448,Conversion
1448,"Declaratory Relief"
1490,"Declaratory Relief"
1490,"Preliminary Injunction"
1523,"Breach of Fiduciary Duty"
1523,"Unjust enrichment"
1523,Misappropriation
1535,"Declaratory Relief"
1535,"MCL § 117"
1535,"MCL § 554.139"
1535,"Detroit City Code § 8-15-10"
1535,"Detroit City Code § 8-15-11"
1570,"Breach of Contract"
1570,Conversion
1570,"Unjust enrichment"
1570,"Cal. Penal Code § 484"
1570,"California Penal Code § 496"
1570,"Cal. Bus. & Prof. Code § 17200"
1590,"18 U.S.C. § 1343"
1590,"18 U.S.C. § 2314"
1590,"18 U.S.C. § 1956(a)(1)(B)(i)"
1590,"18 U.S.C. § 1957"
1658,"Securities Act § 17(a)(1)"
1658,"15 U.S.C. § 77q(a)"
1658,"Securities Act § 17(a)(2)"
1658,"Securities Act § 17(a)(3)"
1658,"17 C.F.R. § 240.10b-5"
1658,"15 U.S.C. § 78j(b)"
2058,"N.J.S.A § 49:3-60"
2345,"Securities Act § 5"
2345,"Securities Act § 12(a)(1)"
2345,"Securities Act § 15"
2345,"California Corp. Code § 25110"
2345,"Cal. Corp. Code § 25503"
2345,"California Corp. Code § 25401"
2345,"Cal. Bus. & Prof. Code § 25504"
2345,"Cal. Bus. & Prof. Code § 17500"
2345,"Cal. Bus. & Prof. Code § 17200"
2482,Replevin
2482,"11 Del. C. § 931"
2482,Fraud
2482,Conversion
2482,"Unjust enrichment"
2482,"10 Del. C. § 6501"
2486,"18 U.S.C. § 1343"
