filing_id,investment_of_money,common_enterprise,expectation_of_profits,efforts_of_others,howey_discussed,key_quotes
282,not_discussed,not_discussed,not_discussed,not_discussed,0,[]
283,not_discussed,not_discussed,not_discussed,not_discussed,0,[]
284,not_discussed,not_discussed,not_discussed,not_discussed,0,[]
285,alleged,alleged,not_satisfied,alleged,1,"[""Howey Test \nSection 2(a)(1) of the Securities Act and Section 3(a)(10) of the Exchange Act each \ndefines the term “security” and lists a variety of instruments that are securities."",""Howey\n6\n “investment contract” test to \ndetermine whether they should be considered a “security” under the Securities Act and the \nExchange Act."",""Howey test requires an assessment of whether there is (1) an investment of money; \n(2 ) in a common enterprise; (3) with a reasonable expectation of profits; (4) derived from the \nefforts of others."",""Howey test \nand conclude that MegPrime tokens are not investment contracts because there is no \nreasonable expectation of profits."",""investment contract” test to \ndetermine whether they should be considered a “security” under the Securities Act and the \nExchange Act."",""Investment Contracts \nBecause There Is No Reasonable Expectation of Profits  \nWe focus our analysis on the “reasonable expectation of profits” prong of the Howey test \nand conclude that MegPrime tokens are not investment contracts because there is no \nreasonable expectation of profits."",""investment of money; \n(2 ) in a common enterprise; (3) with a reasonable expectation of profits; (4) derived from the \nefforts of others."",""common enterprise; (3) with a reasonable expectation of profits; (4) derived from the \nefforts of others.""]"
286,not_discussed,not_discussed,not_discussed,not_discussed,0,[]
287,not_discussed,not_discussed,not_discussed,not_discussed,0,[]
288,not_discussed,not_discussed,not_discussed,not_discussed,0,[]
289,not_discussed,not_discussed,not_discussed,not_discussed,0,[]
290,not_discussed,not_discussed,not_discussed,not_discussed,0,[]
291,not_discussed,not_discussed,not_discussed,not_discussed,0,[]
292,not_discussed,not_discussed,not_discussed,not_discussed,0,[]
293,alleged,alleged,alleged,alleged,1,"[""investment contracts and therefore are securities within the meaning of the Securities Act and \nExchange Act."",""investment of money in the form of fiat \ncurrency or crypto assets."",""common \nenterprise with the expectation of profits to be derived from the efforts of others."",""expectation of profits produced by \nthe efforts of others."",""expectation of profits to be derived from the efforts of others."",""expectation \nof profits to be derived from the efforts of others.""]"
294,not_discussed,not_discussed,not_discussed,not_discussed,0,[]
295,not_discussed,not_discussed,not_discussed,not_discussed,0,[]
296,alleged,alleged,alleged,alleged,1,"[""investment contracts to investors that purported to provide \ninvestors with passive profits from mining rigs that—though ostensibly purchased by investors \nfrom VBit—were entirely controlled and operated by VBit."",""investment contracts and therefore securities \npursuant to Section 2(a)(1) of the Securities Act and Section 3(a)(10) of the Exchange Act."",""investment contract involves: (1) the investment of money; (2) in a common \nenterprise; (3) with a reasonable expectation of profits to be derived from the efforts of others."",""investment contracts, and thus “securities” \nunder Section 2(a)(1) [15 US."",""investment of money; (2) in a common \nenterprise; (3) with a reasonable expectation of profits to be derived from the efforts of others."",""common \nenterprise; (3) with a reasonable expectation of profits to be derived from the efforts of others."",""expectation of profits to be derived from the efforts of others."",""efforts of third parties—Vo \nand his agents—because investors relied on VBit’s operation and control of the mining rigs to \ngenerate profits.""]"
297,not_discussed,not_discussed,not_discussed,not_discussed,0,[]
298,not_discussed,not_discussed,not_discussed,not_discussed,0,[]
299,not_discussed,not_discussed,not_discussed,not_discussed,0,[]
300,not_discussed,not_discussed,not_discussed,not_discussed,0,[]
301,not_discussed,not_discussed,not_discussed,not_discussed,0,[]
302,not_discussed,not_discussed,not_discussed,not_discussed,0,[]
303,not_discussed,not_discussed,not_discussed,not_discussed,0,[]
304,not_discussed,not_discussed,not_discussed,not_discussed,0,[]
305,not_discussed,not_discussed,not_discussed,not_discussed,0,[]
306,not_discussed,not_discussed,not_discussed,not_discussed,0,[]
307,not_discussed,not_discussed,not_discussed,not_discussed,0,[]
308,not_discussed,not_discussed,not_discussed,not_discussed,0,[]
309,not_discussed,not_discussed,not_discussed,not_discussed,0,[]
310,not_discussed,not_discussed,not_discussed,not_discussed,0,[]
311,not_discussed,not_discussed,not_discussed,not_discussed,0,[]
312,not_discussed,not_discussed,not_discussed,not_discussed,0,[]
313,not_discussed,not_discussed,not_discussed,not_discussed,0,[]
314,not_discussed,not_discussed,not_discussed,not_discussed,0,[]
315,alleged,alleged,alleged,alleged,1,"[""Howey investment contract securities analysis, recognizing that there are limiting principles to our laws and regulations."",""Howey applies in a way that recognizes the fact that investment contracts can come to an end; and third, what that could mean in practice for innovators, intermediaries, and investors."",""Howey, Promises, and Endings\n\nNow, while most crypto assets are not themselves securities, crypto assets can be part of or subject to an investment contract."",""Howey test, at its core, entails an investment of money in a common enterprise with a reasonable expectation of profits to be derived from the essential managerial efforts of others."",""Howey’s citrus empire."",""Howey purchased over 60,000 acres of largely untamed land to plant orange and grapefruit groves in the shadow of his mansion."",""Howey’s arrangement and established the test that would define “investment contract” for generations."",""Howey’s land tells a different story.""]"
316,not_discussed,not_discussed,not_discussed,not_discussed,0,[]
317,not_discussed,not_discussed,not_discussed,not_discussed,0,[]
318,not_discussed,not_discussed,not_discussed,not_discussed,0,[]
319,not_discussed,not_discussed,not_discussed,not_discussed,0,[]
320,not_discussed,not_discussed,not_discussed,not_discussed,0,[]
321,not_discussed,not_discussed,not_discussed,not_discussed,0,[]
322,not_discussed,not_discussed,not_discussed,not_discussed,0,[]
323,not_discussed,not_discussed,not_discussed,not_discussed,0,[]
324,not_discussed,not_discussed,not_discussed,not_discussed,0,[]
325,not_discussed,not_discussed,not_discussed,not_discussed,0,[]
326,not_discussed,not_discussed,not_discussed,not_discussed,0,[]
327,not_discussed,not_discussed,not_discussed,not_discussed,0,[]
328,not_discussed,not_discussed,not_discussed,not_discussed,0,[]
329,not_discussed,not_discussed,not_discussed,not_discussed,0,[]
330,not_discussed,not_discussed,not_discussed,not_discussed,0,[]
331,not_discussed,not_discussed,not_discussed,not_discussed,0,[]
332,not_discussed,not_discussed,not_discussed,not_discussed,0,[]
333,not_discussed,not_discussed,not_discussed,not_discussed,0,[]
334,not_discussed,not_discussed,not_discussed,not_discussed,0,[]
335,not_discussed,not_discussed,not_discussed,not_discussed,0,[]
336,not_discussed,not_discussed,not_discussed,not_discussed,0,[]
337,not_discussed,not_discussed,not_discussed,not_discussed,0,[]
338,not_discussed,not_discussed,not_discussed,not_discussed,0,[]
339,not_discussed,not_discussed,not_discussed,not_discussed,0,[]
340,not_discussed,not_discussed,not_discussed,not_discussed,0,[]
341,not_discussed,not_discussed,not_discussed,not_discussed,0,[]
342,not_discussed,not_discussed,not_discussed,not_discussed,0,[]
343,not_discussed,not_discussed,not_discussed,not_discussed,0,[]
344,not_discussed,not_discussed,not_discussed,not_discussed,0,[]
345,not_discussed,not_discussed,not_discussed,not_discussed,0,[]
346,not_discussed,not_discussed,not_discussed,not_discussed,0,[]
347,alleged,alleged,alleged,alleged,1,"[""Howey test” is used to analyze arrangements or instruments not listed in those statutory sections based on their “economic realities."",""Howey have explained that Howey’s “efforts of others” requirement is satisfied when “the efforts made by those other than the investor are the undeniably significant ones, those essential managerial efforts which affect the failure or success of the enterprise."",""Howey’s efforts of others prong."",""Howey’s “efforts of others” requirement because these activities are administrative or ministerial in nature and do not involve managerial or entrepreneurial efforts."",""Howey’s third prong."",""investment contract” test set forth in SEC v."",""investment contract is analyzed using the Howey test."",""investment contract because the parties involved in the process of minting, issuing and redeeming Staking Receipt Tokens do not provide entrepreneurial or managerial efforts to Staked Receipt Token holders and any economic benefits realized by Staking Receipt Tokens holders are not derived from any such efforts.""]"
348,not_discussed,not_discussed,not_discussed,not_discussed,1,"[""Howey statements, the conclusions here are vague generalizations that cannot readily be mapped onto real-world services.""]"
349,not_discussed,not_discussed,not_discussed,not_discussed,0,[]
350,not_discussed,not_discussed,not_discussed,not_discussed,1,[]
351,not_discussed,not_discussed,not_discussed,not_discussed,1,"[""Howey test” has led some innovators to prophylactically treat all crypto assets as such."",""investment contract to trade on trading venues that are not registered with the Commission.""]"
352,not_discussed,not_discussed,not_discussed,not_discussed,0,[]
353,alleged,not_discussed,not_discussed,alleged,1,"[""Howey precedent on which they are based."",""Howey interpretations declaring that particular crypto products or services are not securities, is premised on the idea that protocol staking is an “administrative or ministerial activity” devoid of entrepreneurial effort."",""Howey precedent, courts in the recent SEC enforcement actions ruled that staking services were properly alleged to be investment contracts because, as alleged, they involved entrepreneurial efforts."",""Howey is a facts-and-circumstances analysis, and it may well be that certain bare-bones staking programs do not rise to the level of investment contracts."",""Howey statements, the conclusions here are vague generalizations that cannot readily be mapped onto real-world services."",""investment contract is the Howey test."",""investment contracts under Howey."",""investment contracts have been found to exist in a variety of circumstances where a promoter takes an established product or technology— which itself may not be a security or involve entrepreneurial effort— and “buil[ds] an enterprise on top of it.""]"
354,not_discussed,not_discussed,not_discussed,not_discussed,0,[]
355,not_discussed,not_discussed,not_discussed,not_discussed,0,[]
356,not_discussed,not_discussed,not_discussed,not_discussed,0,[]
357,not_discussed,not_discussed,not_discussed,not_discussed,0,[]
358,not_discussed,not_discussed,not_discussed,not_discussed,0,[]
359,not_discussed,not_discussed,not_discussed,not_discussed,0,[]
360,not_discussed,not_discussed,not_discussed,not_discussed,0,[]
361,not_discussed,not_discussed,not_discussed,not_discussed,0,[]
362,not_discussed,not_discussed,not_discussed,not_discussed,0,[]
363,not_discussed,not_discussed,not_discussed,not_discussed,0,[]
364,alleged,not_discussed,not_discussed,not_discussed,1,"[""investment contract \n(aka \nsecurity) \nwith Ripple.""]"
366,not_discussed,not_discussed,not_discussed,not_discussed,0,[]
367,not_discussed,not_discussed,not_discussed,not_discussed,0,[]
368,not_discussed,not_discussed,not_discussed,not_discussed,0,[]
369,not_discussed,not_discussed,not_discussed,not_discussed,0,[]
370,not_discussed,not_discussed,not_discussed,not_discussed,0,[]
372,not_discussed,not_discussed,not_discussed,not_discussed,0,[]
373,not_discussed,not_discussed,not_discussed,not_discussed,0,[]
374,not_discussed,not_discussed,not_discussed,not_discussed,0,[]
375,not_discussed,not_discussed,not_discussed,not_discussed,0,[]
376,not_discussed,not_discussed,not_discussed,not_discussed,0,[]
377,not_discussed,not_discussed,not_discussed,not_discussed,0,[]
378,not_discussed,not_discussed,not_discussed,not_discussed,0,[]
379,not_discussed,not_discussed,not_discussed,not_discussed,0,[]
380,not_discussed,not_discussed,not_discussed,not_discussed,0,[]
381,not_discussed,not_discussed,not_discussed,not_discussed,0,[]
382,not_discussed,not_discussed,not_discussed,not_discussed,0,[]
383,not_discussed,not_discussed,not_discussed,not_discussed,0,[]
384,not_discussed,not_discussed,not_discussed,not_discussed,0,[]
385,alleged,alleged,alleged,alleged,1,"[""Howey test” is used to analyze arrangements or instruments not listed in those statutory sections based on their “economic realities."",""Howey have explained that Howey’s “efforts of others” requirement is satisfied when “the efforts made by those other than the investor are the undeniably significant ones, those essential managerial efforts which affect the failure or success of the enterprise."",""Howey’s efforts of others prong."",""Howey’s “efforts of others” requirement because these activities are administrative or ministerial in nature and do not involve managerial or entrepreneurial efforts."",""Howey’s third prong."",""investment contract” test set forth in SEC v."",""investment of money in a common enterprise premised on a reasonable expectation of profits to be derived from the entrepreneurial or managerial efforts of others."",""common enterprise premised on a reasonable expectation of profits to be derived from the entrepreneurial or managerial efforts of others.""]"
386,not_discussed,not_discussed,not_discussed,not_discussed,0,[]
387,not_discussed,not_discussed,not_discussed,not_discussed,0,[]
388,alleged,alleged,alleged,alleged,1,"[""Howey test” is used to analyze arrangements or instruments not listed in those statutory sections based on their “economic realities."",""Howey have explained that Howey’s “efforts of others” requirement is satisfied when “the efforts made by those other than the investor are the undeniably significant ones, those essential managerial efforts which affect the failure or success of the enterprise."",""Howey’s efforts of others prong."",""Howey’s “efforts of others” requirement because these activities are administrative or ministerial in nature and do not involve managerial or entrepreneurial efforts."",""Howey’s third prong."",""investment contract” test set forth in SEC v."",""investment of money in a common enterprise premised on a reasonable expectation of profits to be derived from the entrepreneurial or managerial efforts of others."",""common enterprise premised on a reasonable expectation of profits to be derived from the entrepreneurial or managerial efforts of others.""]"
389,not_discussed,not_discussed,not_discussed,not_discussed,0,[]
390,not_discussed,not_discussed,not_discussed,not_discussed,0,[]
391,not_discussed,not_discussed,not_discussed,not_discussed,0,[]
393,not_discussed,alleged,alleged,not_satisfied,1,"[""Howey, but other circuit courts solely require that investors share risk with the promoter to satisfy this element of Howey."",""Howey Met Gary (Plastic), June 14, 2018, available at https://www."",""Howey test will no longer be met, the tokens will cease being securities and the issuer can terminate its SEC reporting obligations."",""investment contract, which is a type of security."",""investment contract, a type of security under the federal securities laws."",""investment contract” could be helpful in crypto markets and more generally."",""investment contract separates from the investment contract."",""investment contract travels with the crypto asset until the associated network or application is sufficiently decentralized[43] or no longer controlled by a central party,[44] or the issuer has otherwise fulfilled its promises to purchasers of the investment contract.""]"
394,not_discussed,not_discussed,not_discussed,not_discussed,0,[]
395,not_discussed,not_discussed,not_discussed,not_discussed,0,[]
396,not_discussed,not_discussed,not_discussed,not_discussed,0,[]
397,not_discussed,not_discussed,not_discussed,not_discussed,0,[]
398,not_discussed,not_discussed,not_discussed,not_discussed,0,[]
399,not_discussed,not_discussed,not_discussed,not_discussed,1,"[""investment contract or certificate of interest or participation in any profit-sharing agreement ."",""investment contract or interest is the subject of a registration statement with the Commission pursuant to the provisions of the Securities Act of 1933 ."",""investment contracts that are not the subject of a registration statement filed under the Securities Act of 1933 are not protected under SIPA.""]"
400,not_discussed,not_discussed,not_discussed,not_discussed,0,[]
401,not_discussed,not_discussed,not_discussed,not_discussed,0,[]
402,not_discussed,not_discussed,not_discussed,not_discussed,0,[]
403,not_discussed,not_discussed,not_discussed,not_discussed,0,[]
404,not_discussed,not_discussed,not_discussed,not_discussed,0,[]
405,not_discussed,not_discussed,not_discussed,not_discussed,0,[]
406,not_discussed,not_discussed,not_discussed,not_discussed,0,[]
407,not_discussed,not_discussed,not_discussed,not_discussed,0,[]
408,not_discussed,not_discussed,not_discussed,not_discussed,0,[]
409,alleged,alleged,alleged,alleged,1,"[""investment contracts and thus constituted \nsecurities within the meaning of Section 2(a)(1) of the Securities Act and Section 3(a)(10) of the \nExchange Act."",""investment contracts, PGI Global’s membership packages involved: (1) the \ninvestment of money; (2) in a common enterprise; (3) with a reasonable expectation of profits to be \nderived from the efforts of others."",""investment of money; (2) in a common enterprise; (3) with a reasonable expectation of profits to be \nderived from the efforts of others."",""common enterprise; (3) with a reasonable expectation of profits to be \nderived from the efforts of others."",""expectation of profits to be \nderived from the efforts of others."",""efforts of third parties trading on their behalf, \nincluding RV Palafox’s purported trading team.""]"
410,not_discussed,not_discussed,not_discussed,not_discussed,0,[]
411,not_discussed,not_discussed,not_discussed,not_discussed,0,[]
412,not_discussed,not_discussed,not_discussed,not_discussed,0,[]
413,alleged,alleged,alleged,alleged,1,"[""investment contracts, and thus as securities."",""investment contracts with Coinbase’s participation or material aid."",""investment contract under federal securities law."",""investment of money, there is a low risk that [XRP] will \nbe considered an investment contract."",""common enterprise that “pools” \ninvestments from more than one investor."",""common enterprise to \ndevelop Power’s business."",""common enterprise with other wLUNA investors and \nLUNA investors."",""expectation of profit from the possibility that \nAave might distribute transaction fees for loans executed on its platform to AAVE holders, \nsimilar to a dividend, or repurchase AAVE tokens on the open market and distribute them to \nholders of AAVE.""]"
414,not_discussed,not_discussed,not_discussed,not_discussed,1,"[""investment contract (such a crypto asset, a “subject crypto asset”)."",""investment contract or otherwise, similar disclosures, if material, may be relevant to the section of the registration or offering statement discussing the issuer’s business.""]"
415,not_discussed,not_discussed,not_discussed,not_discussed,0,[]
416,not_discussed,not_discussed,not_discussed,not_discussed,0,[]
417,alleged,alleged,alleged,alleged,1,"[""Howey Analysis\n\nIn the event a Covered Stablecoin is not viewed as a note or other debt instrument, and considering that it is not any of the other financial instruments that are specifically enumerated in the definition of “security,” we conduct further analysis of the offer and sale of Covered Stablecoins under the “investment contract” test set forth in Howey."",""Howey test” is used to analyze arrangements or instruments not listed in Section 2(a)(1) of the Securities Act and Section 3(a)(10) of the Exchange Act based on their “economic realities."",""Howey, the Supreme Court has contrasted the motivations of investors – those who are attracted to a scheme by the “prospects of a return on their investment”[24] – with the motivations of consumers – those who are “motivated by a desire to use or consume the item purchased."",""Howey analyses where facts warrant it."",""investment contract” test set forth in Howey."",""investment contracts); Aldrich v."",""investment of money in a common enterprise premised on a reasonable expectation of profits to be derived from the entrepreneurial or managerial efforts of others."",""common enterprise premised on a reasonable expectation of profits to be derived from the entrepreneurial or managerial efforts of others.""]"
418,not_discussed,not_discussed,not_discussed,not_discussed,0,[]
419,not_discussed,not_discussed,not_discussed,not_discussed,0,[]
420,alleged,alleged,alleged,alleged,1,"[""investment contract that required \ninvestments of money in a common enterprise with an expectation of profits from the efforts of \nothers, specifically, Terraform’s management."",""common enterprise with an expectation of profits from the efforts of \nothers, specifically, Terraform’s management."",""expectation of profits from the efforts of \nothers, specifically, Terraform’s management."",""efforts of \nothers, specifically, Terraform’s management.""]"
421,alleged,not_discussed,alleged,alleged,1,"[""Howey test” is used to analyze arrangements or instruments not listed in those statutory sections based on their “economic realities."",""Howey have explained that Howey’s “efforts of others” requirement is satisfied when “the efforts made by those other than the investor are the undeniably significant ones, those essential managerial efforts which affect the failure or success of the enterprise."",""Howey’s “efforts of others” requirement because miners primarily are relying on the computational resources that they provide in conjunction with other members to the mining pool to earn profits."",""investment contract” test set forth in SEC v."",""investment of money in an enterprise premised on a reasonable expectation of profits to be derived from the entrepreneurial or managerial efforts of others."",""expectation of profits to be derived from the entrepreneurial or managerial efforts of others."",""expectation of profit derived from the entrepreneurial or managerial efforts of others."",""expectation of profits that the miners have is not derived from the efforts of a third party, such as a pool operator.""]"
422,not_discussed,not_discussed,not_discussed,not_discussed,0,[]
423,not_discussed,not_discussed,not_discussed,not_discussed,0,[]
424,not_discussed,not_discussed,satisfied,alleged,1,"[""Howey test analyzes whether certain arrangements or instruments are investment contracts based on their “economic realities."",""Howey test considers whether there is an investment in an enterprise premised on a reasonable expectation of profits to be derived from the entrepreneurial or managerial efforts of others."",""Howey have explained that Howey’s “efforts of others” requirement is satisfied when “the efforts made by those other than the investor are the undeniably significant ones, those essential managerial efforts which affect the failure or success of the enterprise."",""investment contracts” are securities."",""investment contract under the “investment contract” test set forth in SEC v."",""investment contracts based on their “economic realities."",""investment contract, which is a security."",""expectation of profits to be derived from the entrepreneurial or managerial efforts of others.""]"
425,not_discussed,not_discussed,not_discussed,not_discussed,1,"[""Howey to the crypto industry.""]"
426,not_discussed,alleged,alleged,alleged,1,"[""Howey test nearly 80 years ago to determine whether something is an investment contract."",""Howey is the reasonable expectation of profits based on the efforts of others."",""Howey with disclaimers or other window dressing designed to downplay the significance of managerial efforts."",""Howey demands a facts and circumstances analysis of the “economic realities” of an offer or sale."",""Howey’s requirement of a “common enterprise."",""Howey requires simply cannot be reconciled with the staff’s conclusion that offers and sales of a vaguely defined category, consisting of hundreds of unique crypto assets, are generally not securities."",""Howey); Rashi Maheshwari, Why is PEPE Coin Rising? (Nov."",""investment contract,” a term that “embodies a flexible rather than a static principle,” and “is capable of adaptation to meet [ ] countless and variable schemes.""]"
427,not_discussed,not_discussed,not_discussed,not_discussed,1,"[""Howey test—looked at the economic realities of the offerings, and, even though the offerings at issue involved supposedly novel technologies, rejected defense arguments that they were not securities” and citing multiple cases in footnotes 26 and 66, including SEC v.""]"
428,not_discussed,not_discussed,not_discussed,not_satisfied,1,"[""Howey’s investment contract test can be difficult."",""Howey test, as the Commission has applied it, is a complex analysis that can be difficult to apply consistently."",""investment contract, which is a security, even though the crypto asset may not itself be a security;\n Third, tokenized securities; and\n Finally, all other crypto assets, which are not securities, in my view, and are currently the biggest category."",""investment contract, and tokenized securities."",""investment contract test can be difficult."",""sufficiently decentralized or functional, registration of the tokens would not be required.""]"
429,not_discussed,not_discussed,not_discussed,not_discussed,0,[]
430,not_discussed,not_discussed,not_discussed,not_discussed,0,[]
431,not_discussed,not_discussed,not_discussed,not_discussed,0,[]
432,not_discussed,not_discussed,not_discussed,not_discussed,1,"[""Howey test in this context.""]"
433,not_discussed,not_discussed,not_discussed,not_discussed,0,[]
434,not_discussed,not_discussed,not_discussed,not_discussed,0,[]
435,not_discussed,not_discussed,not_discussed,not_discussed,0,[]
436,not_discussed,not_discussed,not_discussed,not_discussed,0,[]
437,alleged,alleged,alleged,alleged,1,"[""investment contracts involving electronic devices and a rewards program that generate returns in the \nform of three Nova Labs crypto assets; and (2) Nova Labs’ materially false and misleading \nstatements in connection with its offer and sale of those investment contracts and in connection \nwith Nova Labs’ offer and sale of shares of its stock."",""investment contracts and, thus, securities."",""investment contracts; offered and sold securities to investors located \nin this District in unregistered transactions; promoted its offer and sale of Nova Labs’ stock in this \nDistrict; and offered and sold Nova Labs’ stock to investors located in this District."",""Investment Contract” Analysis of Digital Assets, that advised those “engaging in the offer, sale, or \ndistribution of a digital asset” to consider “whether the digital asset is a security” that would trigger \nthe application of the “federal securities laws."",""investment contract,” and a non-exhaustive list of \ncharacteristics that, if present in a given digital asset, would suggest that the asset is a “security."",""investment contracts in the form of electronic devices—i."",""investment contracts in the form of Hotspot devices \nthat mine crypto assets occur through an ecosystem called the “Helium Network,” which Nova Labs \nlaunched in July 2019."",""INVESTMENT \nCONTRACTS TO A NEW DEVICE AND TWO NEW CRYPTO ASSETS.""]"
438,not_discussed,not_discussed,not_discussed,not_discussed,0,[]
439,not_discussed,not_discussed,not_discussed,not_discussed,0,[]
440,not_discussed,not_discussed,not_discussed,not_discussed,0,[]
441,not_discussed,not_discussed,not_discussed,not_discussed,0,[]
442,not_discussed,not_discussed,not_discussed,not_discussed,0,[]
443,not_discussed,not_discussed,not_discussed,not_discussed,0,[]
444,not_discussed,not_discussed,not_discussed,not_discussed,0,[]
445,alleged,satisfied,alleged,alleged,1,"[""investment contract” includes transactions involving an investment of money \nin a common enterprise with the expectation of profits to come from the efforts of others."",""investment contracts, and are therefore securities subject \nto regulation under the Securities Act."",""investment of money \nin a common enterprise with the expectation of profits to come from the efforts of others."",""common enterprise exists, as evidenced by \nthe pooling of funds and the Token’s success being tied to the collective efforts of Welch."",""common enterprise with the expectation of profits to come from the efforts of others."",""common enterprise because they concern a sharing \nor pooling of the funds of investors, and the fortunes of each investor in the pool of investors are \ntied to one another and to the success of the investment pool."",""Expectation of Profits from the Efforts of Others ."",""expectation of profits based on her \nefforts.""]"
446,not_discussed,not_discussed,not_discussed,not_discussed,0,[]
447,not_discussed,not_discussed,not_discussed,not_discussed,0,[]
448,not_discussed,not_discussed,not_discussed,not_discussed,0,[]
449,not_discussed,not_discussed,not_discussed,not_discussed,0,[]
450,alleged,alleged,alleged,alleged,1,"[""Howey are illustrative."",""Howey Met Gary (Plastic), Remarks at the Yahoo Finance All Markets \nSummit:  Crypto (June 14, 2018), https://tinyurl."",""Howey \nrequired an ongoing “contractual arrangement,” not just an asset sale."",""Howey was whether it mattered that the agreement to purchase the orange-grove lot \nand the reciprocal agreement to manage it for the buyer’s benefit were spread over two contracts rather \nthan one."",""Howey requirements of an investment contract."",""Howey would not be considered \nsecurities if they were sold apart from the cultivator’s promise to share any profits derived by their \ncultivation,” the “crypto-assets” at issue “when considered in isolation, might not then have been, by \nthemselves, investment contracts”); SEC v."",""Howey recognized, when Congress included “investment contract” in the definition of a security under \nthe Securities and Exchange Acts, it “was using a term the meaning of which had been crystallized \nby ."",""investment contracts”—and so qualify as securities transactions under the Securities Act of  1933 \nand the Exchange Act of  1934—because some digital asset buyers expect those assets to increase in \nvalue based on the efforts of  their creators.""]"
451,not_discussed,not_discussed,not_discussed,not_discussed,0,[]
452,not_discussed,not_discussed,not_discussed,not_discussed,0,[]
453,not_discussed,not_discussed,not_discussed,not_discussed,0,[]
454,not_discussed,not_discussed,not_discussed,not_discussed,0,[]
455,not_discussed,not_discussed,not_discussed,not_discussed,0,[]
456,not_discussed,not_discussed,not_discussed,not_discussed,0,[]
457,not_discussed,not_discussed,not_discussed,not_discussed,0,[]
458,not_discussed,not_discussed,not_discussed,not_discussed,0,[]
459,not_discussed,not_discussed,not_discussed,not_discussed,0,[]
460,alleged,alleged,alleged,alleged,1,"[""Investment contracts are transactions, contracts, or schemes through which a\nperson invests money in a common enterprise and reasonably expects profits or returns derived\nfrom the entrepreneurial or managerial efforts of others."",""investment contracts and thus securities."",""common enterprise and reasonably expects profits or returns derived\nfrom the entrepreneurial or managerial efforts of others."",""common enterprise with each other\nand with Pham, Robo Global, and other Robo Inu project leaders, who at all relevant times\nretained significant Robo Inu holdings."",""expectation of\nprofiting from Pham’s efforts to develop the Robo Inu ecosystem.""]"
461,alleged,alleged,alleged,alleged,1,"[""investment\ncontract subject to regulation under U."",""Investment contracts are transactions, contracts, or schemes through which a\nperson invests money in a common enterprise and reasonably expects profits or returns derived\nfrom the entrepreneurial or managerial efforts of others."",""investment contracts and thus securities."",""common enterprise and reasonably expects profits or returns derived\nfrom the entrepreneurial or managerial efforts of others."",""efforts of others, including the NexFundAI project team.""]"
462,alleged,alleged,alleged,alleged,1,"[""investment \ncontract subject to regulation under U."",""Investment contracts are transactions, contracts, or schemes through which a \nperson invests money in a common enterprise and reasonably expects profits or returns derived \nfrom the entrepreneurial or managerial efforts of others."",""investment contracts and thus securities."",""investment \ncontract, on numerous crypto asset trading platforms."",""common enterprise and reasonably expects profits or returns derived \nfrom the entrepreneurial or managerial efforts of others."",""common enterprise with each other \nand with the Saitama project leaders, who at all relevant times retained significant Saitama \nholdings."",""common enterprise with each other \nand with Pham, Robo Global, and other Robo Inu project leaders, who at all relevant times \nretained significant Robo Inu holdings."",""expectation of profiting from the efforts of Pham and other leaders of the above-described \nproject to develop the Saitama ecosystem and list Saitama on crypto asset trading platforms.""]"
463,not_discussed,not_discussed,not_discussed,not_discussed,0,[]
464,not_discussed,not_discussed,not_discussed,not_discussed,0,[]
465,alleged,alleged,alleged,alleged,1,"[""investment\ncontract subject to regulation under U."",""Investment contracts are transactions, contracts, or schemes through which a\nperson invests money in a common enterprise and reasonably expects profits or returns derived\nfrom the entrepreneurial or managerial efforts of others."",""investment contracts and thus securities."",""investment contract, including on numerous crypto-asset trading platforms."",""common enterprise and reasonably expects profits or returns derived\nfrom the entrepreneurial or managerial efforts of others."",""common enterprise with each other\nand with the Saitama project leaders, who at all relevant times retained significant Saitama\nholdings."",""efforts of others, including the NexFundAI project team.""]"
466,not_discussed,not_discussed,not_discussed,not_discussed,0,[]
467,not_discussed,not_discussed,not_discussed,not_discussed,0,[]
468,not_discussed,not_discussed,not_discussed,not_discussed,0,[]
469,not_discussed,not_discussed,not_discussed,not_discussed,0,[]
470,alleged,alleged,alleged,alleged,1,"[""investment contracts involving crypto \nassets called TrueUSD (“TUSD”) and profit-making opportunities with respect to TUSD on \n“TrueFi,” a so-called lending protocol from which Defendants stated investors could earn \ninterest by loaning TUSD."",""investment contracts by falsely and publicly claiming that TUSD was backed one-\nfor-one by U."",""investment contract exists when there is the investment of money in a common enterprise with a \nreasonable expectation of profits to be derived from the efforts of others."",""investment contracts, including interests in orange groves, animal breeding programs, \nrailroads, mobile phones, and enterprises that exist only on the internet, including crypto assets."",""investment \ncontracts to investors by promoting TUSD and investors’ potential to profit from their purchase \nof TUSD by lending that TUSD on TrueFi to earn interest."",""investment of money in a common enterprise with a \nreasonable expectation of profits to be derived from the efforts of others."",""common enterprise with a \nreasonable expectation of profits to be derived from the efforts of others."",""common enterprise by \nCase 3:24-cv-06684   Document 1   Filed 09/24/24   Page 7 of 16\n\n \nCASE NO.""]"
471,not_discussed,not_discussed,not_discussed,not_discussed,0,[]
472,not_discussed,not_discussed,not_discussed,not_discussed,0,[]
473,not_discussed,not_discussed,not_discussed,not_discussed,0,[]
474,not_discussed,not_discussed,not_discussed,not_discussed,0,[]
475,not_discussed,not_discussed,not_discussed,not_discussed,0,[]
476,not_discussed,not_discussed,not_discussed,not_discussed,0,[]
477,alleged,alleged,alleged,not_discussed,1,"[""investment contracts and therefore securities, but did not register those offers and \nsales with the SEC even though there were no applicable exemptions from \nregistration."",""investment contracts and thus securities, with the SEC \neven though there were no applicable exemptions from registration."",""investment contracts and, thus, securities."",""investment contracts and thus securities."",""investment \ncontracts, as defined by the Supreme Court case SEC v."",""common enterprise with \nother investors and with Rari Capital.""]"
478,alleged,alleged,alleged,not_discussed,1,"[""investment contracts and thus securities offered and sold in unregistered \ntransactions in violation of Sections 5(a) and 5(c) of the Securities Act [15 U."",""investment contracts, the \nCase 2:24-cv-07924     Document 1     Filed 09/17/24     Page 3 of 31   Page ID #:3\n\n \n1 \n 2 \n3 \n4 \n5 \n6 \n7 \n8 \n9 \n10 \n11 \n12 \n13 \n14 \n15 \n16 \n17 \n18 \n19 \n20 \n21 \n22 \n23 \n24 \n25 \n26 \n27 \n28 \n \n \n  \n \n4 \n \nDefendant violated the antifraud provisions of Section 17(a) of the Securities Act [15 \nU."",""common enterprise by co-investing or pooling their crypto assets \nwith other persons in the Defendant’s crypto asset products."",""expectation of profits derived \nfrom the efforts of the Defendant.""]"
479,not_discussed,not_discussed,not_discussed,not_discussed,0,[]
480,not_discussed,not_discussed,not_discussed,not_discussed,0,[]
481,not_discussed,not_discussed,not_discussed,not_discussed,0,[]
482,not_discussed,not_discussed,not_discussed,not_discussed,0,[]
483,not_discussed,not_discussed,not_discussed,not_discussed,0,[]
484,not_discussed,not_discussed,not_discussed,not_discussed,0,[]
485,not_discussed,not_discussed,not_discussed,not_discussed,0,[]
486,not_discussed,not_discussed,not_discussed,not_discussed,0,[]
487,not_discussed,not_discussed,not_discussed,not_discussed,0,[]
488,not_discussed,not_discussed,not_discussed,not_discussed,0,[]
489,not_discussed,not_discussed,not_discussed,not_discussed,0,[]
490,not_discussed,not_discussed,not_discussed,not_discussed,0,[]
491,not_discussed,not_discussed,not_discussed,not_discussed,0,[]
492,alleged,alleged,alleged,alleged,1,"[""investment contract exists when there is the \ninvestment of money in a common enterprise with a reasonable expectation of \nprofits to be derived from the efforts of others."",""investment contracts \nby publicly offering and selling Abra Earn, Abra has never had a registration \nstatement filed or in effect with the SEC for its offers and sales of Abra Earn."",""investment of money in a common enterprise with a reasonable expectation of \nprofits to be derived from the efforts of others."",""common enterprise with a reasonable expectation of \nprofits to be derived from the efforts of others."",""expectation of \nprofits to be derived from the efforts of others.""]"
493,not_discussed,not_discussed,not_discussed,not_discussed,0,[]
494,not_discussed,not_discussed,not_discussed,not_discussed,0,[]
495,not_discussed,not_discussed,not_discussed,not_discussed,0,[]
496,not_discussed,not_discussed,not_discussed,not_discussed,0,[]
497,not_discussed,not_discussed,not_discussed,not_discussed,0,[]
498,not_discussed,not_discussed,not_discussed,not_discussed,0,[]
499,not_discussed,not_discussed,not_discussed,not_discussed,0,[]
500,not_discussed,not_discussed,not_discussed,not_discussed,0,[]
501,not_discussed,not_discussed,not_discussed,not_discussed,0,[]
502,not_discussed,not_discussed,not_discussed,not_discussed,0,[]
503,not_discussed,not_discussed,not_discussed,not_discussed,0,[]
504,not_discussed,not_discussed,not_discussed,not_discussed,0,[]
505,not_discussed,not_discussed,not_discussed,not_discussed,0,[]
506,not_discussed,not_discussed,not_discussed,not_discussed,0,[]
508,not_discussed,not_discussed,not_discussed,not_discussed,0,[]
509,not_discussed,not_discussed,not_discussed,not_discussed,0,[]
510,not_discussed,not_discussed,not_discussed,not_discussed,0,[]
511,not_discussed,not_discussed,not_discussed,not_discussed,0,[]
513,not_discussed,not_discussed,not_discussed,not_discussed,0,[]
514,not_discussed,not_discussed,not_discussed,not_discussed,0,[]
515,not_discussed,not_discussed,not_discussed,not_discussed,0,[]
516,alleged,alleged,alleged,alleged,1,"[""Howey test”) “applies to any contract, scheme, or \ntransaction, regardless of whether it has any of the characteristics of typical securities."",""Howey test analysis is not only on the form and terms of the instrument itself [."",""Howey, \nand securities under other sections of Florida and California law, and are therefore securities."",""Howey test factors: whether crypto \npurchasers (i) invested money, (ii) in a ‘common enterprise’, (iii) with a reasonable expectation of \nprofit, and (iv) based on the efforts of others."",""Howey-test factors [and] a score of 1 results when an \nasset appears to have few characteristics that are consistent with the Howey-test factors."",""Howey test, as adopted in Florida and California, and statutory definitions for the same under those \nstates’ securities laws, and the Coinbase Digital Platforms operate as a broker-dealer under both \nFlorida and California law, Coinbase has not registered the Coinbase Digital Asset Platforms as a \nbroker-dealer in either state, nor has Coinbase registered with FINRA."",""investment contracts \nor other securities under  CAL."",""investment contract” included within the statutory definition of security \nis not defined within Florida state law or the federal Securities Act of 1933, 15 U.""]"
517,not_discussed,not_discussed,not_discussed,not_discussed,0,[]
518,not_discussed,not_discussed,not_discussed,not_discussed,0,[]
519,not_discussed,not_discussed,not_discussed,not_discussed,0,[]
520,not_discussed,not_discussed,not_discussed,not_discussed,0,[]
521,alleged,not_discussed,not_discussed,not_discussed,1,"[""investment contracts \ncalled “Client Services Agreements” (“CSAs”)."",""investment \ncontracts, which are specifically identified in the definitions of “security” under Section 2(a)(1) \nof the Securities Act and Section 3(a)(10) of the Exchange Act."",""investment \ncontract that Geosyn called a CSA; and (2) an Excel file, which showed projected investment \nreturns for the various mining machines that relied heavily on speculative increases in the value \nof bitcoin (“ROI Projections”).""]"
522,alleged,not_discussed,not_discussed,not_discussed,1,"[""Howey  Met  Gary  (Plastic), SEC, (June 14, 2018) (“[C]urrent  offers  and  sales  of \nEther are not securities transactions."",""investment contract formed when a buyer of a digital asset believes he is “investing into the \nnetwork”  or  the  “ecosystem”  behind  the  asset—a   complicated,   transaction-specific \nanalysis.""]"
523,not_discussed,not_discussed,not_discussed,not_discussed,0,[]
524,not_discussed,not_discussed,not_discussed,not_discussed,0,[]
525,not_discussed,not_discussed,not_discussed,not_discussed,0,[]
526,not_discussed,not_discussed,not_discussed,not_discussed,0,[]
527,not_discussed,not_discussed,not_discussed,not_discussed,0,[]
528,not_discussed,not_discussed,not_discussed,not_discussed,0,[]
529,not_discussed,not_discussed,not_discussed,not_discussed,0,[]
530,not_discussed,not_discussed,not_discussed,not_discussed,0,[]
531,not_discussed,not_discussed,not_discussed,not_discussed,0,[]
532,not_discussed,not_discussed,not_discussed,not_discussed,0,[]
533,not_discussed,not_discussed,not_discussed,not_discussed,1,"[""investment contracts and, therefore, securities, under SEC v.""]"
534,not_discussed,not_discussed,not_discussed,not_discussed,0,[]
535,not_discussed,not_discussed,not_discussed,not_discussed,0,[]
536,not_discussed,not_discussed,not_discussed,not_discussed,0,[]
537,not_discussed,not_discussed,not_discussed,not_discussed,0,[]
538,alleged,alleged,alleged,alleged,1,"[""Howey are illustrative."",""Howey  Met  Gary  (Plastic),  Remarks  at  the  Yahoo  Finance  All  Markets  Summit:  \nCrypto (June 14, 2018), https://tinyurl."",""Howey required an ongoing “contractual arrangement,” not \njust an asset sale."",""Howey requirements  of  an  \ninvestment  contract."",""Howey  would  not  be  considered  securities  if  they  were  sold  apart  from  the  \ncultivator’s promise to share any profits derived by their cultivation,” the tokens at \nissue  “when  considered  in  isolation,  might  not  then  have  been,  by  themselves,  \ninvestment contracts”)."",""Howey recognized, when Congress included “investment contract” in \nthe definition of a security under the Securities Act and the Exchange Act, it “was \nusing  a  term  the  meaning  of  which  had  been  crystallized  by  ."",""investment   \ncontracts”  under  the  federal  securities  laws,  bringing  those  transactions  and  the  \nCase 4:24-cv-00168-O   Document 1   Filed 02/21/24    Page 1 of 55   PageID 1\n\n \n \n2 \n \nplatforms on which they occur within the SEC’s regulatory domain."",""investment contract” when Congress enacted those laws, and binding \nSupreme Court precedent, the SEC does not have expansive power to regulate any \nand  all  transactions  involving  such  digital  assets  as  securities  transactions.""]"
539,not_discussed,not_discussed,not_discussed,not_discussed,0,[]
540,not_discussed,not_discussed,not_discussed,not_discussed,0,[]
541,not_discussed,not_discussed,not_discussed,not_discussed,0,[]
542,not_discussed,not_discussed,not_discussed,not_discussed,0,[]
543,not_discussed,not_discussed,not_discussed,not_discussed,0,[]
544,not_discussed,not_discussed,not_discussed,not_discussed,0,[]
545,alleged,not_discussed,not_discussed,not_discussed,1,"[""Howey was and remains a binding \nstatement of law  and that there was no genuine dispute that the elements of the Howey test had been met)); \nSEC v."",""Howey in granting \nthe Commission’s motion for summary judgment finding Kik’s sale of Kin tokens to the public was a sale \nof a security and required a registration statement); SEC v."",""Howey in granting the Commission’s motion for summary judgment \nfinding “no reasonable trier of fact could reject the SEC's contention that LBRY offered LBC [a crypto \nasset] as a security."",""investment contract,” as well as other \ninstruments."",""investment \ncontract that is a security, the analysis is governed by the test first articulated by the Supreme Court in SEC \nv.""]"
546,not_discussed,not_discussed,not_discussed,not_discussed,0,[]
547,not_discussed,not_discussed,not_discussed,not_discussed,0,[]
548,not_discussed,not_discussed,not_discussed,not_discussed,0,[]
549,not_discussed,not_discussed,not_discussed,not_discussed,0,[]
550,not_discussed,not_discussed,not_discussed,not_discussed,0,[]
553,not_discussed,not_discussed,not_discussed,not_discussed,0,[]
554,not_discussed,not_discussed,not_discussed,not_discussed,0,[]
555,not_discussed,not_discussed,not_discussed,not_discussed,1,"[""investment contracts and thus subject to the federal securities laws.""]"
556,not_discussed,not_discussed,not_discussed,not_discussed,0,[]
557,not_discussed,not_discussed,not_discussed,not_discussed,0,[]
558,not_discussed,not_discussed,not_discussed,not_discussed,0,[]
559,not_discussed,not_discussed,not_discussed,not_discussed,0,[]
560,not_discussed,not_discussed,not_discussed,not_discussed,0,[]
561,not_discussed,not_discussed,not_discussed,not_discussed,0,[]
562,not_discussed,not_discussed,not_discussed,not_discussed,0,[]
563,not_discussed,not_discussed,not_discussed,not_discussed,0,[]
564,not_discussed,not_discussed,not_discussed,not_discussed,0,[]
565,not_discussed,not_discussed,not_discussed,not_discussed,0,[]
566,alleged,alleged,alleged,alleged,1,"[""Howey test—an \ninvestment  of  money—“is  typically  satisfied  in  an  offer  and  sale  of  a  digital  asset \nbecause the digital asset is purchased or otherwise acquired in exchange for value, \nwhether in the form of real (or fiat) currency, another digital asset, or other type of \nconsideration."",""investment contract required to be registered as a security."",""investment  contract” is  an  investment  of  money  in  a  common \nenterprise   with   a   reasonable   expectation   of   profits   to   be   derived   from   the \nentrepreneurial or managerial efforts of others."",""Investment Contract’ Analysis of Digital Assets (“SEC \nFramework”), which provides guidance for assessing whether transactions in crypto \ntokens are  securities under federal law."",""investment contract and thus a \nsecurity within the meaning of Section 2(a)(1) of the ’33 Act, 15 U."",""investment of money in a common enterprise \nwith  the  expectation  of  profits  relying  on  the  efforts  of  others,  and  it  is  thus  an \ninvestment contract required to be registered as a security."",""investment  of  money  in  a  common \nenterprise   with   a   reasonable   expectation   of   profits   to   be   derived   from   the \nentrepreneurial or managerial efforts of others."",""investment  of  money—“is  typically  satisfied  in  an  offer  and  sale  of  a  digital  asset \nbecause the digital asset is purchased or otherwise acquired in exchange for value, \nwhether in the form of real (or fiat) currency, another digital asset, or other type of \nconsideration.""]"
567,not_discussed,not_discussed,not_discussed,not_discussed,0,[]
568,alleged,alleged,alleged,alleged,1,"[""Howey, Congress defined “security” broadly to embody a “flexible \nrather than a static principle, one that is capable of adaptation to meet the countless \nand variable schemes devised by those who seek the use of the money of others on \nthe promise of profits."",""investment contracts covered under U."",""investment contracts, Kraken’s operations place it squarely within the purview of \nU."",""investment contract subject to regulation under U."",""investment contracts subject to \nsecurities laws if they satisfy Howey’s test."",""investment contracts are defined broadly under the law with a focus on an investor’s \nreasonable expectations in acquiring an asset, rather than the form of the transaction \nitself."",""investment contracts   made it subject to U."",""Investment contracts are instruments through which a person invests \nCase 3:23-cv-06003   Document 1   Filed 11/20/23   Page 5 of 90\n\n  \n \nCOMPLAINT \n6 \n \n \n \n1 \n2 \n3 \n4 \n5 \n6 \n7 \n8 \n9 \n10 \n11 \n12 \n13 \n14 \n15 \n16 \n17 \n18 \n19 \n20 \n21 \n22 \n23 \n24 \n25 \n26 \n27 \n28 \n \nmoney in a common enterprise and reasonably expects profits or returns derived from \nthe entrepreneurial or managerial efforts of others.""]"
569,not_discussed,not_discussed,not_discussed,not_discussed,0,[]
570,not_discussed,not_discussed,not_discussed,not_discussed,0,[]
571,not_discussed,not_discussed,not_discussed,not_discussed,0,[]
572,not_discussed,not_discussed,not_discussed,not_discussed,0,[]
574,not_discussed,not_discussed,not_discussed,not_discussed,0,[]
575,not_discussed,not_discussed,not_discussed,not_discussed,0,[]
576,not_discussed,not_discussed,not_discussed,not_discussed,0,[]
577,not_discussed,alleged,alleged,alleged,1,"[""investment contracts, and therefore \nsecurities, pursuant to the test laid out by the U.""]"
578,not_discussed,not_discussed,not_discussed,not_discussed,0,[]
579,not_discussed,not_discussed,not_discussed,not_discussed,0,[]
580,not_discussed,not_discussed,not_discussed,not_discussed,0,[]
581,not_discussed,not_discussed,not_discussed,not_discussed,0,[]
582,alleged,alleged,alleged,alleged,1,"[""investment contracts, and Linus offered and sold them without \nregistering such offers and sales with the Commission as required by law.""]"
583,not_discussed,not_discussed,not_discussed,not_discussed,0,[]
584,not_discussed,not_discussed,not_discussed,not_discussed,0,[]
585,not_discussed,not_discussed,not_discussed,not_discussed,0,[]
586,not_discussed,not_discussed,not_discussed,not_discussed,0,[]
587,not_discussed,not_discussed,not_discussed,not_discussed,0,[]
588,not_discussed,alleged,alleged,alleged,1,"[""investment contracts, and therefore securities, pursuant to the test laid out in SEC v.""]"
589,not_discussed,not_discussed,not_discussed,not_discussed,0,[]
590,not_discussed,not_discussed,not_discussed,not_discussed,0,[]
591,not_discussed,not_discussed,not_discussed,not_discussed,0,[]
592,not_discussed,not_discussed,not_discussed,not_discussed,0,[]
593,not_discussed,not_discussed,not_discussed,not_discussed,0,[]
594,alleged,alleged,alleged,alleged,1,"[""common enterprises with the \nreasonable expectation of profits to be derived based on the efforts of others."",""expectation of profits to be derived based on the efforts of others."",""expectation of profits—independent of any effort by investors."",""efforts  of  others),  and  not  on  the  efforts  of  the  investors  themselves.""]"
595,alleged,alleged,alleged,alleged,1,"[""investment  contracts  and,  accordingly,  securities  pursuant  to  federal  law."",""investment contracts and, thus, securities, when they \noffered and sold node software licenses for BLGD, GROW, NATG, XPLR, DLG, ALUM, BEV, \nBLOX, DRIP, DCM, and DEBT."",""investment contracts when they offered and sold the \nFAIR Project’s node software licenses for RX and other crypto assets."",""investment contract (a \ntype of security pursuant to the federal securities laws) exists when individuals or entities (a) invest \nmoney  or  otherwise  exchange  value  (including  dollars,  bitcoin,  and  ether);  (b)  in  a  common  \nenterprise; (c) with a reasonable expectation of profits to be derived from the entrepreneurial or \nmanagerial efforts of others."",""common  \nenterprise; (c) with a reasonable expectation of profits to be derived from the entrepreneurial or \nmanagerial efforts of others."",""expectation of profits to be derived from the entrepreneurial or \nmanagerial efforts of others."",""expectation of profit,  in that the value of these crypto asserts (and the anticipated return \non  investment)  was  predicated  on  the  development,  growth,  and  success  of  the  DEBT  Box  \necosystem  due  to  DEBT  Box’s  and  the  DEBT  Council’s  efforts.""]"
596,not_discussed,not_discussed,not_discussed,not_discussed,0,[]
597,not_discussed,alleged,alleged,not_discussed,1,"[""investment contracts, \nand therefore securities, without having a registration statement filed or in effect with the \nCommission or qualifying for an exemption from registration."",""investment contracts, and therefore securities, pursuant to SEC v.""]"
598,alleged,alleged,not_discussed,alleged,1,"[""investment contract,” “security-\nbased swap,” or “receipt for” a security."",""investment contracts and therefore as “securities,” \nwithout registering them with the SEC."",""investment contract securities offered and sold by Defendants, and no \nexemption applied."",""investment contract securities.""]"
599,not_discussed,not_discussed,not_discussed,not_discussed,0,[]
600,not_discussed,not_discussed,not_discussed,not_discussed,0,[]
601,not_discussed,not_discussed,not_discussed,not_discussed,0,[]
602,not_discussed,not_discussed,not_discussed,not_discussed,0,[]
603,not_discussed,not_discussed,not_discussed,not_discussed,0,[]
604,not_discussed,not_discussed,not_discussed,not_discussed,0,[]
605,not_discussed,not_discussed,not_discussed,not_discussed,0,[]
606,not_discussed,not_discussed,not_discussed,not_discussed,0,[]
607,not_discussed,not_discussed,not_discussed,not_discussed,0,[]
608,not_discussed,not_discussed,not_discussed,not_discussed,0,[]
609,not_discussed,not_discussed,not_discussed,not_discussed,0,[]
611,not_discussed,not_discussed,not_discussed,not_discussed,0,[]
612,not_discussed,not_discussed,not_discussed,not_discussed,0,[]
613,not_discussed,not_discussed,not_discussed,not_discussed,0,[]
614,not_discussed,not_discussed,not_discussed,not_discussed,0,[]
616,alleged,alleged,alleged,alleged,1,"[""Howey before making them available for trading."",""Howey test and well-established principles of the federal securities \nlaws."",""Howey, Congress defined \n“security” broadly to embody a “flexible rather than a static principle, one that is capable of \nadaptation to meet the countless and variable schemes devised by those who seek the use of the \nmoney of others on the promise of profits."",""Howey \nestablished the test for whether an arrangement involves an investment contract."",""Howey analysis of the crypto asset."",""Howey test factors” and assigned to the crypto asset a score ranging from 1 to 5, with a \nscore of 1 indicating that an “asset has few or no characteristics consistent with treatment as an \ninvestment contract,” and a score of 5 meaning that an “asset has many characteristics strongly \nconsistent with treatment as a security."",""Howey, and therefore a security, whose offers and \nsales were subject to registration under the Securities Act."",""investment contract that is subject to regulation under the securities laws.""]"
617,not_discussed,not_discussed,not_discussed,alleged,1,"[""investment contracts, \nunder California Corporations Code section 25019; (2) are being offered and sold in this state in \nissuer transactions; (3) are subject to qualification under the Corporate Securities Law of 1968; and \n(4) have been offered and sold without prior qualification, in violation of California Corporations \nCode section 25110.""]"
618,alleged,alleged,alleged,alleged,1,"[""Howey Test Asset-Evaluation \nFramework ."",""Howey test sophistication” and then engage with the SEC to discuss the \n“formation or acquisition of a broker/dealer or alternative trading system (ATS), with no \nexpectation of success and solely to pause potential enforcement efforts."",""Howey, they noted \nthat if a “Kik wells notice happens to BNB, BNB price can go down significantly."",""Investment contracts are instruments through \nwhich a person invests money in a common enterprise and reasonably expects profits or returns \nderived from the entrepreneurial or managerial efforts of others."",""investment contracts, including those involving orange groves, animal breeding \nprograms, cattle embryos, mobile phones, enterprises that exist only on the Internet, and crypto \nassets (which crypto asset market participants at times also label “cryptocurrencies”)."",""investment contracts under Howey, they noted \nthat if a “Kik wells notice happens to BNB, BNB price can go down significantly."",""investment contract and, therefore, as a security."",""investment contract \nand, therefore, as a security.""]"
619,not_discussed,not_discussed,not_discussed,not_discussed,0,[]
620,not_discussed,not_discussed,not_discussed,not_discussed,0,[]
621,not_discussed,not_discussed,not_discussed,not_discussed,0,[]
622,not_discussed,not_discussed,not_discussed,not_discussed,0,[]
623,not_discussed,not_discussed,not_discussed,not_discussed,0,[]
624,not_discussed,not_discussed,not_discussed,not_discussed,0,[]
625,not_discussed,not_discussed,not_discussed,not_discussed,0,[]
626,alleged,alleged,not_discussed,not_discussed,1,"[""investment contracts and therefore securities under SEC v.""]"
627,not_discussed,not_discussed,not_discussed,not_discussed,0,[]
628,not_discussed,not_discussed,not_discussed,not_discussed,1,"[""Howey Met Gary (Plastic) (June 14, 2018), \nhttps://bit."",""Howey Met Gary (Plastic) (June 14, 2018), https://bit."",""Investment Contract” Analysis of Digital Assets,  \nSEC (Apr."",""investment contracts for which the securities laws were de-\nsigned and that the SEC traditionally has regulated."",""Investment Contract” Analysis of Digital Assets, SEC (Apr."",""investment contracts, are actively  used  to  engage  in  transactions  \nand interact with applications on blockchains.""]"
629,not_discussed,not_discussed,not_discussed,not_discussed,0,[]
630,not_discussed,not_discussed,not_discussed,not_discussed,0,[]
631,alleged,alleged,alleged,alleged,1,"[""Howey, Congress defined “security” \nbroadly to embody a “flexible rather than a static principle, one that is capable of adaptation to meet \nthe countless and variable schemes devised by those who seek the use of the money of others on the \npromise of profits."",""Investment contracts are instruments through which a person invests money in a \ncommon enterprise and reasonably expects profits or returns derived from the entrepreneurial or \nmanagerial efforts of others."",""investment contracts, including those involving interests in orange groves, animal \nbreeding programs, cattle embryos, mobile phones, enterprises that exist only on the Internet, and \ncertain crypto assets (which crypto asset market participants at times also label “cryptocurrencies”)."",""investment contracts and, therefore, of securities."",""investment contracts, and thus securities, under Section \n3(a)(10) of the Exchange Act and Howey."",""Investment Contract’ Analysis of \nDigital Assets."",""investment contract and therefore a security."",""investment of money in a common enterprise with a reasonable expectation of profits derived from the \nefforts of others.""]"
632,not_discussed,not_discussed,not_discussed,not_satisfied,1,"[""investment contracts or any other type of security."",""investment \ncontracts,’ two of the terms the Commission uses to describe digital assets believed to be securities” and \nthat the “omissions will further compound the uncertainty over whether the Proposal was meant to cover \ndigital assets”).""]"
633,not_discussed,not_discussed,not_discussed,not_discussed,0,[]
634,not_discussed,not_discussed,not_discussed,not_discussed,0,[]
635,not_discussed,not_discussed,not_discussed,not_discussed,0,[]
636,alleged,alleged,alleged,alleged,1,"[""Howey Decision, which \nthe Supreme Court adopted over 75 years ago."",""Howey Test, which is \nused  to  determine  the  presence  of  an  investment  contract."",""Howey Test provides  that  an  \ninvestment  contract  exists  if  there  is  an  “investment  of  money  in  a  common  enterprise  with  a  \nreasonable expectation of profits to be derived from the efforts of others."",""Howey Test is the \nprincipal method used by the SEC to determine if a given cryptocurrency is a security."",""Howey Test to the \nDAO  tokens  and  concluded  they  were  securities  under  the  Securities  Act  of  1933  (“Securities \nAct”)  and  the  Securities  Exchange  Act  of  1934  (“Exchange  Act”)."",""Howey and Reves v."",""investment  contract  exists  if  there  is  an  “investment  of  money  in  a  common  enterprise  with  a  \nreasonable expectation of profits to be derived from the efforts of others."",""Investment  Contract’  Analysis  of  \nDigital Assets” which provided additional details on when a digital asset has the characteristics of \nan investment contract and “whether offers and sales of a digital asset are securities transactions.""]"
637,not_discussed,not_discussed,not_discussed,not_discussed,0,[]
638,not_discussed,not_discussed,not_discussed,not_discussed,0,[]
639,not_discussed,alleged,alleged,alleged,1,"[""investment contracts and therefore as “securities” under the federal \nsecurities laws, without registering these offers and sales of BXY with the SEC as required by \nthe federal securities laws."",""investment contract,” “security-based swap,” or “receipt for” a security."",""investment contracts and therefore as “securities” under the federal securities laws."",""investment contracts and, therefore, \nsecurities."",""common enterprise with an expectation of profits derived from the efforts of others."",""expectation of profits derived from the efforts of others.""]"
640,not_discussed,not_discussed,not_discussed,not_discussed,0,[]
641,not_discussed,not_discussed,not_discussed,not_discussed,0,[]
642,not_discussed,not_discussed,not_discussed,not_discussed,0,[]
643,not_discussed,alleged,alleged,alleged,1,"[""investment \ncontract, for purposes of the Securities Act, includes any “contract, transaction or scheme \nCase 1:23-cv-02433   Document 1   Filed 03/22/23   Page 5 of 50\n\n \n6\nwhereby a person invests his money in a common enterprise and is led to expect profits” from \nthe efforts of others."",""investment contracts and thus securities."",""common enterprise and is led to expect profits” from \nthe efforts of others."",""common enterprise alongside Sun and the Tron Foundation, who at all times \nretained significant TRX holdings."",""common enterprise alongside the Sun Defendants, who at all times retained \nsignificant BTT holdings."",""expectation of profit for BTT investors.""]"
644,not_discussed,not_discussed,not_discussed,not_discussed,0,[]
645,not_discussed,not_discussed,not_discussed,not_discussed,0,[]
646,not_discussed,not_discussed,not_discussed,not_discussed,0,[]
647,not_discussed,not_discussed,not_discussed,not_discussed,0,[]
648,not_discussed,not_discussed,not_discussed,not_discussed,0,[]
649,alleged,alleged,contested,alleged,1,"[""Howey Test by Selling the Tokens ."",""Howey Test is Applicable to the Tokens as Illustrated by Recent Federal \nAuthority ."",""Howey Test by Selling the Tokens \nThe Court of Appeals has also adopted the federal test for determining whether a \nfinancial product is a security."",""Howey test and has \nheld that the promoter’s efforts need not be the sole cause of profits, and that it is sufficient if the \npromoter’s efforts are “the undeniably significant ones ."",""Howey \n\n \n19 \n \ntest is similar to the analysis under Waldstein, insofar as it focuses on the fact that the \ninstruments were used to finance and promote an enterprise and are designed for investment."",""Howey test, the investment of money, is satisfied here because \nmembers of the public invest money in order to buy ETH and purchase LUNA and UST."",""Howey test is that there must be a common enterprise."",""Howey test is that the investor is led to expect profits \nfrom the efforts of a third party.""]"
650,not_discussed,not_discussed,not_discussed,not_discussed,0,[]
651,not_discussed,not_discussed,not_discussed,not_discussed,0,[]
652,alleged,alleged,alleged,alleged,1,"[""investment contract (a type of security) exists when individuals or entities (a) \ninvest money or otherwise exchange value (including dollars, bitcoin, and other consideration \nsuch as labor); (b) in a common enterprise; (c) with a reasonable expectation of profits to be \nderived from the entrepreneurial and managerial efforts of others."",""common enterprise; (c) with a reasonable expectation of profits to be \nderived from the entrepreneurial and managerial efforts of others."",""expectation of profits to be \nderived from the entrepreneurial and managerial efforts of others."",""expectation of \nprofit in that the value of GREEN (and the anticipated return on investment) was predicated on \nthe increased value of the GREEN due to Defendants’ efforts.""]"
653,not_discussed,not_discussed,not_discussed,not_discussed,0,[]
654,not_discussed,not_discussed,not_discussed,not_discussed,0,[]
655,not_discussed,not_discussed,not_discussed,not_discussed,0,[]
656,not_discussed,not_discussed,not_discussed,not_discussed,0,[]
657,not_discussed,not_discussed,not_discussed,not_discussed,0,[]
658,not_discussed,not_discussed,not_discussed,not_discussed,0,[]
659,not_discussed,not_discussed,not_discussed,not_discussed,0,[]
660,not_discussed,not_discussed,not_discussed,not_discussed,0,[]
661,not_discussed,not_discussed,not_discussed,not_discussed,0,[]
662,alleged,alleged,alleged,alleged,1,"[""Howey and Waldstein Tests are Appropriately Applicable to the Tokens as Illustrated by Recent Federal \nAuthority ."",""Howey Test \n \nThe Court of Appeals has also adopted the United States Supreme Court’s test for \ndetermining whether a financial product is a security."",""Howey test and has held that the promoter’s efforts need not be the sole cause of \nprofits, and that it is sufficient if the promoter’s efforts are “the undeniably significant ones ."",""Howey test is similar to the analysis under Waldstein insofar as the \nanalysis focuses on the fact that the instruments were used to finance and promote an enterprise \nand are promoted as investments."",""Howey test is satisfied here because members of the public, such as \n\n \n21 \n \nDetective Metz, invested money in order to obtain each of the Tokens."",""Howey test is also satisfied here because investors in the Tokens \nwere in a common enterprise as a portion of each pool of available tokens was reserved for the \ntoken’s founders and management teams, thereby tying the fortunes of the token holder to the \nfortunes of management."",""Howey test is met here because investors were led to \nexpect profits from the efforts of a third party."",""Howey and Waldstein Tests are Appropriately Applicable to the Tokens \nas Illustrated by Recent Federal Authority \n \nThe recent federal court decision in Sec.""]"
663,not_discussed,not_discussed,not_discussed,not_discussed,0,[]
664,not_discussed,not_discussed,not_discussed,not_discussed,0,[]
665,not_discussed,not_discussed,not_discussed,not_discussed,0,[]
666,not_discussed,not_discussed,not_discussed,not_discussed,0,[]
667,not_discussed,not_discussed,not_discussed,not_discussed,0,[]
668,not_discussed,not_discussed,not_discussed,not_discussed,0,[]
669,not_discussed,not_discussed,not_discussed,not_discussed,0,[]
670,not_discussed,not_discussed,not_discussed,not_discussed,0,[]
671,not_discussed,not_discussed,not_discussed,not_discussed,0,[]
672,not_discussed,not_discussed,not_discussed,not_discussed,0,[]
673,alleged,alleged,alleged,alleged,1,"[""Howey framework, an investment of “money” may but need \nnot take the form of fiat currency."",""investment contract to the general public, including United States investors, whereby \n                     \n1\n  As used in this Complaint, “crypto asset” refers to an asset that is issued and/or \ntransferred using distributed ledger or blockchain technology—including, but not limited to, \nso-called “digital assets,” “virtual currencies,” “cryptocurrencies,” “coins,” and “tokens."",""investment contracts without registering the offer or sales with the SEC as required by the \nfederal securities laws, and no exemption from the registration requirement applied."",""Investment contracts are instruments \nthrough which a person invests money in a common enterprise and reasonably expects profits \nor returns derived from the entrepreneurial or managerial efforts of others."",""investment contracts, including interests in orange groves, animal breeding \nprograms, railroads, mobile phones, and enterprises that exist only on the Internet, including \ncrypto assets."",""investment contract and therefore a security whose offers and sales were subject to the \nregistration requirements of the federal securities laws."",""common enterprise and reasonably expects profits \nor returns derived from the entrepreneurial or managerial efforts of others."",""common enterprise \nwith other investors and with Defendants.""]"
674,not_discussed,not_discussed,not_discussed,not_discussed,0,[]
675,not_discussed,not_discussed,not_discussed,not_discussed,0,[]
676,not_discussed,not_discussed,not_discussed,not_discussed,0,[]
677,not_discussed,not_discussed,not_discussed,not_discussed,0,[]
678,not_discussed,not_discussed,not_discussed,not_discussed,0,[]
679,not_discussed,not_discussed,not_discussed,not_discussed,0,[]
680,not_discussed,alleged,alleged,alleged,1,"[""investment contracts and therefore as “securities” under \nthe federal securities laws."",""investment contract and, therefore, the MNGO \ntoken is a security."",""common enterprise \nwith an expectation of profits derived from the efforts of others."",""expectation of profits derived from the efforts of others.""]"
681,alleged,not_discussed,alleged,alleged,1,"[""investment contracts and notes.""]"
682,not_discussed,not_discussed,not_discussed,not_discussed,0,[]
683,alleged,alleged,alleged,alleged,1,"[""investment contracts” and “notes."",""investment contract is an \ninvestment of money in a common enterprise with a reasonable expectation of profits derived \nfrom the entrepreneurial or managerial efforts of others."",""investment contracts, including interests in orange groves, animal \nbreeding programs, railroads, mobile phones, and enterprises that exist only on the Internet, \nincluding crypto assets."",""Investment \nContracts under Howey  \n \n56."",""investment contracts under Howey."",""investment of money in a common enterprise with a reasonable expectation of profits derived \nfrom the entrepreneurial or managerial efforts of others."",""common enterprise with a reasonable expectation of profits derived \nfrom the entrepreneurial or managerial efforts of others."",""common enterprise with other investors \nand with Defendants.""]"
684,not_discussed,not_discussed,not_discussed,not_discussed,0,[]
685,not_discussed,not_discussed,not_discussed,not_discussed,0,[]
686,not_discussed,not_discussed,not_discussed,not_discussed,0,[]
687,not_discussed,not_discussed,not_discussed,not_discussed,0,[]
688,not_discussed,not_discussed,not_discussed,not_discussed,0,[]
689,not_discussed,alleged,alleged,alleged,1,"[""investment contracts and therefore as “securities” under \nthe federal securities laws."",""investment contract and, therefore, the MNGO \ntoken is a security."",""common enterprise \nwith an expectation of profits derived from the efforts of others."",""expectation of profits derived from the efforts of others.""]"
690,not_discussed,alleged,alleged,alleged,1,"[""investment contracts and therefore as “securities” under \nthe federal securities laws."",""investment contract and, therefore, the MNGO \ntoken is a security."",""common enterprise \nwith an expectation of profits derived from the efforts of others."",""expectation of profits derived from the efforts of others.""]"
691,alleged,alleged,alleged,alleged,1,"[""investment contracts and therefore securities, \nbecause investors made an investment of money in a common enterprise with a reasonable \nCase 1:22-cv-10534   Document 1   Filed 12/14/22   Page 2 of 30\n\n \n3 \nexpectation of profits from the efforts of Defendants or third parties."",""investment contracts,” and thus securities within the meaning of Section 2(a)(1) of the \nSecurities Act [15 U."",""investment of money in a common enterprise with a reasonable \nCase 1:22-cv-10534   Document 1   Filed 12/14/22   Page 2 of 30\n\n \n3 \nexpectation of profits from the efforts of Defendants or third parties."",""common enterprise with a reasonable \nCase 1:22-cv-10534   Document 1   Filed 12/14/22   Page 2 of 30\n\n \n3 \nexpectation of profits from the efforts of Defendants or third parties."",""expectation of profits from the efforts of Defendants or third parties.""]"
692,not_discussed,not_discussed,not_discussed,not_discussed,0,[]
693,not_discussed,not_discussed,not_discussed,not_discussed,0,[]
694,not_discussed,not_discussed,not_discussed,not_discussed,0,[]
695,not_discussed,not_discussed,not_discussed,not_discussed,0,[]
696,alleged,alleged,alleged,alleged,1,"[""Howey),  328  U."",""Howey’s definition into a three-part test requiring (1) an\ninvestment of money (2) in a common enterprise (3) with an expectation of profits produced\nby the efforts of others."",""Howey\n test, plaintiffs must plead that the Yuga digital assets were promoted or promised for\nfinancial returns, and not for “personal consumption."",""Howey analysis, and not as\nsome separate, threshold requirement."",""Howey prong, but also addressing its relevance to the meaning of\n“profits” under the third prong); SEC v."",""Howey test, focus\non the “money” aspect rather than the “investment” aspect."",""Howey framework to\ndigital assets concern initial offerings of cryptocurrencies, also known as “coins,” such as the\nApeCoin token at issue here."",""Howey test requires that the investor commit his\nassets to the enterprise in such a manner as to subject himself to financial loss.""]"
697,alleged,alleged,alleged,alleged,1,"[""Howey test—an \ninvestment  of  money—“is  typically  satisfied  in  an  offer  and  sale  of  a  digital  asset \nbecause the digital asset is purchased or otherwise acquired in exchange for value, \nwhether in the form of real (or fiat) currency, another digital asset, or other type of \nconsideration."",""investment contract is an investment of money in a common enterprise \nwith  a  reasonable  expectation  of  profits  to  be  derived  from  the  entrepreneurial  or \nmanagerial efforts of others."",""Investment Contract’ Analysis of Digital Assets (“SEC \nFramework”),  which  provides  guidance  for  assessing  whether  a  crypto  token  is  a \nsecurity under federal law."",""investment of money in a common enterprise \nwith  a  reasonable  expectation  of  profits  to  be  derived  from  the  entrepreneurial  or \nmanagerial efforts of others."",""investment  of  money—“is  typically  satisfied  in  an  offer  and  sale  of  a  digital  asset \nbecause the digital asset is purchased or otherwise acquired in exchange for value, \nwhether in the form of real (or fiat) currency, another digital asset, or other type of \nconsideration."",""common enterprise \nwith  a  reasonable  expectation  of  profits  to  be  derived  from  the  entrepreneurial  or \nmanagerial efforts of others."",""common enterprise’ typically exists” \nwith respect to “digital assets."",""common   enterprise—the   Compound   DAO and   the   Compound \nprotocol—and the value of their COMP tokens are interwoven with and dependent \nupon  the success  of  the  DAO and the  protocol,  as  well  as the  efforts  of  those  who \ncontrol the DAO and the protocol.""]"
698,not_discussed,not_discussed,not_discussed,not_discussed,0,[]
699,not_discussed,not_discussed,not_discussed,not_discussed,0,[]
700,not_discussed,not_discussed,not_discussed,not_discussed,0,[]
701,not_discussed,not_discussed,not_discussed,not_discussed,0,[]
702,not_discussed,not_discussed,not_discussed,not_discussed,0,[]
703,not_discussed,not_discussed,not_discussed,not_discussed,0,[]
704,not_discussed,not_discussed,not_discussed,not_discussed,0,[]
705,not_discussed,not_discussed,not_discussed,not_discussed,0,[]
706,not_discussed,not_discussed,not_discussed,not_discussed,0,[]
707,alleged,alleged,alleged,alleged,1,"[""investment  \ncontract  is  a  form  of  security  under  United  States  securities  laws  when  (1)  the  purchaser  makes  an  \ninvestment  of  money  or  exchanges  another  item  of  value  (2)  in  a  common  enterprise  (3)  with  the  \nreasonable expectation of profits to be derived from the efforts of others."",""investment \ncontract, evidence of indebtedness and note, and as such appears to be regulated as a security \nin Texas as provided by Section 4001."",""investment  of  money  or  exchanges  another  item  of  value  (2)  in  a  common  enterprise  (3)  with  the  \nreasonable expectation of profits to be derived from the efforts of others."",""common  enterprise  (3)  with  the  \nreasonable expectation of profits to be derived from the efforts of others."",""expectation of profits to be derived from the efforts of others.""]"
709,not_discussed,not_discussed,not_discussed,not_discussed,0,[]
710,alleged,alleged,alleged,alleged,1,"[""investment contracts, and therefore securities, under the federal securities laws."",""Investment \nContracts, and Therefore Securities, Under the Federal Securities Laws \n29."",""Investment contracts are \ninstruments involving the investment of money in a common enterprise with the reasonable \nexpectation of profits to be derived from the entrepreneurial or managerial efforts of others."",""investment of money in a common enterprise with the reasonable \nexpectation of profits to be derived from the entrepreneurial or managerial efforts of others."",""common enterprise with the reasonable \nexpectation of profits to be derived from the entrepreneurial or managerial efforts of others."",""expectation of profits to be derived from the entrepreneurial or managerial efforts of others.""]"
711,alleged,alleged,alleged,alleged,1,"[""investment \ncontracts, and therefore securities, under the federal securities laws."",""Investment \nContracts, and Therefore Securities, Under the Federal Securities Laws \n66."",""Investment contracts are instruments involving the investment \nof money in a common enterprise with the reasonable expectation of profits to be derived from \nthe entrepreneurial or managerial efforts of others."",""investment \nof money in a common enterprise with the reasonable expectation of profits to be derived from \nthe entrepreneurial or managerial efforts of others."",""common enterprise with the reasonable expectation of profits to be derived from \nthe entrepreneurial or managerial efforts of others."",""expectation of profits to be derived from \nthe entrepreneurial or managerial efforts of others.""]"
712,alleged,alleged,not_discussed,not_discussed,1,"[""investment contracts, \nand thus securities, under Section 2(a)(1) of the Securities Act [15 U.""]"
713,not_discussed,not_discussed,not_discussed,not_discussed,0,[]
714,not_discussed,not_discussed,not_discussed,not_discussed,0,[]
715,not_discussed,not_discussed,not_discussed,not_discussed,0,[]
716,not_discussed,not_discussed,not_discussed,not_discussed,0,[]
717,not_discussed,not_discussed,not_discussed,not_discussed,0,[]
718,not_discussed,not_discussed,alleged,alleged,1,"[""investment contracts and therefore \nsecurities pursuant to Section 2(a)(1) of the Securities Act."",""expectation of profits from their \ninvestment in the tokens.""]"
719,not_discussed,not_discussed,not_discussed,not_discussed,0,[]
720,not_discussed,alleged,alleged,not_discussed,1,"[""investment \ncontracts related to a crypto asset."",""investment contracts are securities under Section 2(a)(1) of \nthe Securities Act [15 U.""]"
721,satisfied,alleged,alleged,alleged,1,"[""investment contracts, and \ntherefore were securities whose offer or sale required registration with the SEC unless an \nexemption from registration was available."",""investment \ncontracts and thus securities."",""Investment Contracts, And These \nOffers And Sales Of Securities Were Not Registered With The SEC \n131."",""investment contracts, or securities, \nthrough Hydrogen’s bounty programs and employee compensation, and through Defendants’ \noffers and sales of Hydro in the crypto asset trading market."",""investment contracts through \ncrypto asset trading platforms."",""investment of money, in a common enterprise, with a \nreasonable expectation of profit derived from the efforts of others."",""common enterprise, with a \nreasonable expectation of profit derived from the efforts of others."",""common enterprise because their fortunes \nwere tied to those of other Hydro investors, and to those of Hydrogen and Kane.""]"
722,alleged,not_discussed,not_discussed,not_discussed,1,"[""investment contracts in California through general solicitations on its website."",""investment contracts as “Investment Plans."",""investment \ncontracts known as Investment Plans, unless and until the qualification requirements of the CSL have \nbeen met."",""investment contracts known as Investment Plans, by means of any written or oral \ncommunication which includes an untrue statement of a material fact or omits to state a material fact \nnecessary in order to make the statements made, in the light of the circumstances under which they \nwere made, not misleading.""]"
723,alleged,not_discussed,not_discussed,not_discussed,1,"[""investment contracts in California through general solicitations on its website."",""investment contracts as “Investment Plans."",""investment \ncontracts known as Investment Plans, unless and until the qualification requirements of the CSL have \nbeen met."",""investment contracts known as Investment Plans, by means of any written or oral \ncommunication which includes an untrue statement of a material fact or omits to state a material fact \nnecessary in order to make the statements made, in the light of the circumstances under which they \nwere made, not misleading.""]"
724,alleged,not_discussed,not_discussed,not_discussed,1,"[""investment contracts in California through general solicitations on its website."",""investment contracts as “Investment Plans."",""investment contracts known as Investment Plans, unless and until the qualification requirements of \nthe CSL have been met."",""investment contracts known as Investment Plans, by means of any written or oral \ncommunication which includes an untrue statement of a material fact or omits to state a material fact \nnecessary in order to make the statements made, in the light of the circumstances under which they \nwere made, not misleading.""]"
725,alleged,not_discussed,not_discussed,not_discussed,1,"[""investment contracts in California through general solicitations on its website."",""investment contracts as “Investments."",""investment contracts known as Investments, \nunless and until the qualification requirements of the CSL have been met."",""investment contracts known as \nInvestments, by means of any written or oral communication which includes an untrue statement of a \nmaterial fact or omits to state a material fact necessary in order to make the statements made, in the \nlight of the circumstances under which they were made, not misleading.""]"
726,alleged,not_discussed,not_discussed,not_discussed,1,"[""investment contracts in California through general solicitations on its website."",""investment contracts as “Investment Plans."",""investment contracts known as Investment Plans, unless and until the qualification requirements of \nthe CSL have been met."",""investment contracts known as Investment Plans, by means of any written or oral \ncommunication which includes an untrue statement of a material fact or omits to state a material fact \nnecessary in order to make the statements made, in the light of the circumstances under which they \nwere made, not misleading.""]"
727,alleged,not_discussed,not_discussed,not_discussed,1,"[""investment contracts in California through general solicitations on its website."",""investment contracts as “Investment Plans."",""investment contracts known as Investment Plans, unless and until the qualification requirements of \nthe CSL have been met."",""investment contracts known as Investment Plans, by means of any written or oral \ncommunication which includes an untrue statement of a material fact or omits to state a material fact \nnecessary in order to make the statements made, in the light of the circumstances under which they \nwere made, not misleading.""]"
728,alleged,not_discussed,not_discussed,not_discussed,1,"[""investment contracts in California through general solicitations on its website."",""investment contracts as “Packs”   and/or “Packages” (collectively, “Packs”)."",""investment contracts known as Packs or Packages, unless and until the qualification requirements of \nthe CSL have been met."",""investment contracts known as Packs or Packages, by means of any written or oral \ncommunication which includes an untrue statement of a material fact or omits to state a material fact \nnecessary in order to make the statements made, in the light of the circumstances under which they \nwere made, not misleading.""]"
729,alleged,not_discussed,not_discussed,not_discussed,1,"[""investment contracts in California through general solicitations on its website."",""investment contracts as “Investment Plans."",""investment contracts known as Investment Plans, unless and until the qualification requirements of \nthe CSL have been met."",""investment contracts known as Investment Plans, by means of any written or oral \ncommunication which includes an untrue statement of a material fact or omits to state a material fact \nnecessary in order to make the statements made, in the light of the circumstances under which they \nwere made, not misleading.""]"
730,alleged,not_discussed,not_discussed,not_discussed,1,"[""investment contracts in California through general solicitations on its website."",""investment contracts as “Investments."",""investment contracts, unless and until the qualification \nrequirements of the CSL have been met."",""investment contracts, by means \nof any written or oral communication which includes an untrue statement of a material fact or omits \nto state a material fact necessary in order to make the statements made, in the light of the \ncircumstances under which they were made, not misleading.""]"
731,not_discussed,not_discussed,not_discussed,not_discussed,1,"[""investment contracts in California."",""investment contracts as \n“Investment Packages."",""investment contracts known as Investment Package, unless and until the qualification requirements \nof the CSL have been met.""]"
732,alleged,not_discussed,not_discussed,not_discussed,1,"[""investment contracts in California through general solicitations on its website."",""investment contracts as “Investment Packages."",""investment \ncontracts known as Investment Packages, unless and until the qualification requirements of the CSL \nhave been met."",""investment contracts known as Investment Packages, by means of any written or oral \ncommunication which includes an untrue statement of a material fact or omits to state a material fact \nnecessary in order to make the statements made, in the light of the circumstances under which they \nwere made, not misleading.""]"
733,not_discussed,not_discussed,not_discussed,not_discussed,0,[]
734,not_discussed,not_discussed,not_discussed,not_discussed,0,[]
735,not_discussed,not_discussed,not_discussed,not_discussed,0,[]
736,alleged,alleged,alleged,alleged,1,"[""Investment   contracts   are   investments   by   \nindividuals of money in a common enterprise, with a reasonable expectation of profits or returns \nderived  from  the  entrepreneurial  or  managerial  efforts  of  others."",""common enterprise, with a reasonable expectation of profits or returns \nderived  from  the  entrepreneurial  or  managerial  efforts  of  others."",""expectation of profits or returns \nderived  from  the  entrepreneurial  or  managerial  efforts  of  others."",""expectation  of  profits  from  their  \ninvestment in a common enterprise.""]"
737,alleged,alleged,alleged,alleged,1,"[""investment contracts, and therefore securities, pursuant to the test laid out by the U.""]"
738,not_discussed,not_discussed,not_discussed,not_discussed,0,[]
739,not_discussed,not_discussed,not_discussed,not_discussed,0,[]
740,not_discussed,not_discussed,not_discussed,not_discussed,0,[]
741,alleged,not_discussed,alleged,not_discussed,1,"[""investment \ncontracts in purported digital asset businesses from at least four persons he had known while \nworking as a registered representative (the “Investors”)."",""investment contracts offered and sold by Edelman were securities."",""investment contracts, by the use of the means or instruments of transportation \nor communication in interstate commerce or by use of the mails: \na."",""investment contracts, knowingly or recklessly:  \na.""]"
742,not_discussed,not_discussed,not_discussed,not_discussed,0,[]
743,not_discussed,not_discussed,not_discussed,not_discussed,0,[]
744,alleged,alleged,alleged,alleged,1,"[""Howey test,”  derived  from  the  Supreme\nCourt’s  seminal  1946  decision  in  Securities \nand Exchange Commission v."",""Howey  test  applies\nto offerings of digital assets."",""Howey, and \ntherefore an offering of securities."",""Howey  provides  a  clearly  expressed  test  for  \ndetermining  what  constitutes  an  investment  \ncontract,  and  an  extensive  body  of  case  law  \nprovides guidance on how to apply that test to \na variety of factual scenarios."",""investment  \ncontract,” as well as other instruments such as \nstocks, bonds, and transferable shares."",""investment  contract”  exists  if  there  is  an  \ninvestment  of  money  in  a  common  enterprise\nwith an expectation of profits derived from the \nefforts of others."",""investment contract under Howey, and \ntherefore an offering of securities."",""investment  contract”  was  unconstitutionally\nvague  as  applied  to  Kik,  the  court  stated  that\n“Howey  provides  a  clearly  expressed  test  for  \ndetermining  what  constitutes  an  investment  \ncontract,  and  an  extensive  body  of  case  law  \nprovides guidance on how to apply that test to \na variety of factual scenarios.""]"
745,not_discussed,not_discussed,not_discussed,not_discussed,0,[]
746,not_discussed,not_discussed,not_discussed,not_discussed,0,[]
747,not_discussed,not_discussed,not_discussed,not_discussed,0,[]
748,not_discussed,not_discussed,not_discussed,not_discussed,0,[]
749,not_discussed,not_discussed,not_discussed,not_discussed,0,[]
750,not_discussed,not_discussed,not_discussed,not_discussed,0,[]
751,not_discussed,not_discussed,not_discussed,not_discussed,0,[]
752,not_discussed,not_discussed,not_discussed,not_discussed,0,[]
753,not_discussed,not_discussed,not_discussed,not_discussed,0,[]
754,not_discussed,not_discussed,not_discussed,not_discussed,0,[]
755,not_discussed,not_discussed,not_discussed,not_discussed,0,[]
756,not_discussed,not_discussed,not_discussed,not_discussed,0,[]
757,not_discussed,not_discussed,not_discussed,not_discussed,0,[]
758,alleged,alleged,alleged,alleged,1,"[""investment  contracts  and  securities,  despite  sometimes  being  called \n“cryptocurrency,” because they represent the investment of money in a common \nenterprise with a reasonable expectation of profits to be derived from the efforts of \nothers."",""investment \ncontracts, and thus securities, in order to earn fees from user transactions in these \nassets."",""investment of money in a common \nenterprise with a reasonable expectation of profits to be derived from the efforts of \nothers."",""common \nenterprise with a reasonable expectation of profits to be derived from the efforts of \nothers."",""common enterprise because their collective purchases fund the \ncreation of the system that will supposedly give value to the crypto they have \npurchased."",""expectation of profits to be derived from the efforts of \nothers."",""efforts of others to create that \necosystem.""]"
759,not_discussed,not_discussed,not_discussed,not_discussed,0,[]
760,not_discussed,alleged,satisfied,not_discussed,1,"[""investment contracts, and therefore securities, pursuant to SEC v."",""Expectation of Profits Based on the Efforts of Bloom \n \n19."",""expectation of profit through Bloom’s efforts to develop the token’s \nuses and increase its value.""]"
761,not_discussed,not_discussed,not_discussed,not_discussed,0,[]
762,not_discussed,not_discussed,not_discussed,not_discussed,0,[]
763,not_discussed,not_discussed,not_discussed,not_discussed,0,[]
764,not_discussed,not_discussed,not_discussed,not_discussed,0,[]
765,not_discussed,not_discussed,not_discussed,not_discussed,0,[]
766,alleged,alleged,alleged,not_discussed,1,"[""investment  contracts  constituting  securities,  the  offer  or  sale  of  which  was  \nneither registered with the Commission, as required by the federal securities laws, nor exempt \nfrom registration."",""investment  contract,  and  that  both  the  Montana  CSI  and  the  Philippines  \nCommission  just  made  allegations  that  Forsage  was  a  scheme  –  but  neither  \nauthority had “proven [Forsage] guilty."",""investment of money – using Ethereum, Tron, or Binance \ntokens – in a common enterprise from which they were led to expect profits solely from the efforts \nof Defendants or third parties."",""common enterprise from which they were led to expect profits solely from the efforts \nof Defendants or third parties.""]"
767,not_discussed,not_discussed,not_discussed,not_discussed,0,[]
768,satisfied,alleged,alleged,alleged,1,"[""investment \ncontracts; they were offered and sold to investors who made an investment of money in a common \nenterprise, with a reasonable expectation of profits to be derived from the efforts of others."",""investment of money, in a common enterprise, with a reasonable expectation of profit derived from \nthe efforts of others."",""investment of money in a common \nenterprise, with a reasonable expectation of profits to be derived from the efforts of others."",""common enterprise, with a reasonable expectation of profit derived from \nthe efforts of others."",""common \nenterprise, with a reasonable expectation of profits to be derived from the efforts of others."",""expectation of profit derived from \nthe efforts of others."",""expectation of profits to be derived from the efforts of others."",""expectation of profits based on the \nefforts of others.""]"
769,satisfied,alleged,alleged,not_satisfied,1,"[""Howey\n15\nandReves\n16\ntests."",""Howey, Ralston Purina and the SEC’s Digital Asset Framework, 52 REV."",""howey_ralston_purina_sec_digital_asset_framework."",""Howeycan be satisfied without an investment of money)."",""Howey?\ni)If not, how does the Staff reconcile this position with existing case law, which requires\na recipient to “commit his assets to the enterprise in such a manner as to subject\nhimself to a financial loss”?\n23\nb)How should digital assets that provide significant non-investment use cases (e."",""Howey\nWhether an instrument constitutes an “investment contract” is determined by reference to a test\narticulated by the Supreme Court inSEC v."",""investment contract analysis, giving due\nregard to the Court’s decision inUnited Housing v."",""investment contract underHowey?\n24\n421 U.""]"
770,not_discussed,not_discussed,not_discussed,not_discussed,0,[]
771,not_discussed,not_discussed,not_discussed,not_discussed,0,[]
773,not_discussed,not_discussed,not_discussed,not_discussed,0,[]
775,not_discussed,not_discussed,not_discussed,not_discussed,0,[]
776,alleged,alleged,satisfied,alleged,1,"[""Howey case and subsequent case law have found that an \n‘investment  contract’ exists  when  there  is  the  investment  of  money  in  a  common \nenterprise with a reasonable expectation of profits to be derived from the efforts of \nothers."",""Howey test” applies to any contract, scheme, or transaction, \nregardless of whether it has any of the characteristics of typical securities."",""Howey analysis is not only on the form and terms of the instrument itself (in this \ncase, the digital asset) but also on the circumstances surrounding the digital asset and \nthe manner in which it is offered, sold, or resold (which includes secondary market \nsales)."",""Howey test depends on the specific facts and circumstances."",""Howey test is typically \nsatisfied in an offer and sale of a digital asset because the digital asset is purchased or otherwise \nacquired in exchange for value, whether in the form of real (or fiat) currency, another digital asset, or \nother type of consideration."",""Howey test is met: \n• The  distributed  ledger  network  and  digital  asset  are  fully  developed  and \noperational."",""Howey test: (a) in order to receive any SOL securities, an investment of money was required; (b) \nthe investment of money was made into the common enterprise that is Solana; and (c) the success of \nthe investment and any potential returns on such were entirely reliant on Solana and Yakovenko’s \nability to create the promised network."",""Investment Contract’ Analysis \nof Digital Assets.""]"
778,not_discussed,not_discussed,not_discussed,not_discussed,0,[]
779,not_discussed,not_discussed,not_discussed,not_discussed,0,[]
780,not_discussed,alleged,not_discussed,not_discussed,1,[]
781,not_discussed,not_discussed,not_discussed,not_discussed,0,[]
782,not_discussed,not_discussed,not_discussed,not_discussed,0,[]
783,not_discussed,not_discussed,not_discussed,not_discussed,0,[]
784,not_discussed,not_discussed,not_discussed,not_discussed,0,[]
785,not_discussed,not_discussed,not_discussed,not_discussed,0,[]
786,not_discussed,not_discussed,not_discussed,not_discussed,0,[]
787,not_discussed,not_discussed,not_discussed,not_discussed,0,[]
788,not_discussed,not_discussed,not_discussed,not_discussed,0,[]
789,not_discussed,not_discussed,not_discussed,not_discussed,0,[]
790,not_discussed,not_discussed,not_discussed,not_discussed,0,[]
791,not_discussed,not_discussed,not_discussed,not_discussed,0,[]
792,not_discussed,not_discussed,not_discussed,not_discussed,0,[]
793,not_discussed,not_discussed,not_discussed,not_discussed,0,[]
794,not_discussed,not_discussed,not_discussed,not_discussed,0,[]
795,not_discussed,not_discussed,not_discussed,not_discussed,0,[]
796,not_discussed,not_discussed,not_discussed,not_discussed,0,[]
797,not_discussed,not_discussed,not_discussed,not_discussed,0,[]
798,not_discussed,not_discussed,not_discussed,not_discussed,0,[]
799,not_discussed,not_discussed,not_discussed,not_discussed,0,[]
800,not_discussed,not_discussed,not_discussed,not_discussed,0,[]
801,not_discussed,not_discussed,not_discussed,not_discussed,0,[]
802,not_discussed,not_discussed,not_discussed,not_discussed,0,[]
803,alleged,alleged,alleged,not_discussed,1,"[""Howey test,” developed by the Supreme Court in SEC v."",""Howey test, an \nasset is a security and not another type of financial instrument if transactions of that asset qualify \nas “investment contracts."",""Howey test requires an analysis of each digital asset \nindividually."",""Howey test should be applied in a manner that \nfrequently results in cryptocurrencies being deemed securities."",""investment contract if: (1) it is an investment of \nmoney; (2) the investment of money is in a common enterprise; and (3) there is an expectation of \nprofits from the efforts of a promoter, sponsor, or third party."",""investment of \nmoney; (2) the investment of money is in a common enterprise; and (3) there is an expectation of \nprofits from the efforts of a promoter, sponsor, or third party."",""common enterprise; and (3) there is an expectation of \nprofits from the efforts of a promoter, sponsor, or third party."",""common enterprise because the fortunes of digital asset purchasers have been linked \nto each other or to the success of the promoter’s efforts.""]"
804,not_discussed,not_discussed,not_discussed,not_discussed,0,[]
805,not_discussed,not_discussed,not_discussed,not_discussed,0,[]
806,not_discussed,not_discussed,not_discussed,not_discussed,0,[]
807,not_discussed,not_discussed,not_discussed,not_discussed,0,[]
808,not_discussed,not_discussed,not_discussed,not_discussed,0,[]
809,not_discussed,not_discussed,not_discussed,not_discussed,0,[]
810,alleged,alleged,alleged,not_discussed,1,"[""investment contracts, and \ntherefore as securities, under the federal securities laws.""]"
811,not_discussed,not_discussed,not_discussed,not_discussed,0,[]
812,not_discussed,not_discussed,not_discussed,not_discussed,0,[]
813,not_discussed,not_discussed,not_discussed,not_discussed,0,[]
814,not_discussed,not_discussed,not_discussed,not_discussed,0,[]
815,alleged,alleged,alleged,alleged,1,"[""Howey Test, which was about orange groves, says that an investment contract exists when there is the investment of money in a common enterprise with a reasonable expectation of profits to be derived from the efforts of others."",""Howey test, in the first several years of our federal securities laws, some entrepreneurs were notified that they had to register their offerings of chinchillas, whiskey warehouse receipts, oyster beds, and live silver foxes as securities offerings,[10] as “the purported sale of the…property was merely camouflage and not the substance of the transaction."",""investment contracts and/or notes."",""investment contract or a security under our jurisdiction."",""investment contract exists when there is the investment of money in a common enterprise with a reasonable expectation of profits to be derived from the efforts of others."",""investment contracts under the Howey Test."",""investment of money in a common enterprise with a reasonable expectation of profits to be derived from the efforts of others."",""common enterprise with a reasonable expectation of profits to be derived from the efforts of others.""]"
816,alleged,alleged,alleged,alleged,1,"[""investment contracts” and therefore “securities” under Section 2(a)(1) \nof the Securities Act of 1933 (the “’33 Act”) and Section 3(a)(10) of the Securities Exchange Act \nof 1934 (the “’34 Act”)."",""Investment Contract’ Analysis of Digital Assets, available at https://www."",""common enterprise “with benefits that scale and evolve \nover time."",""common enterprise: “long term holders” being a family, the project locking \nliquidity “for 100 years,” and developers supporting the project “on a long-term basis."",""expectation of profits, and that those profits \nwould come from the efforts of others and the common enterprise."",""efforts of others, including the Issuers."",""efforts of others and the common enterprise."",""efforts of others—the AWF Issuers and the AWF marketing and development team.""]"
817,not_discussed,not_discussed,not_discussed,not_discussed,0,[]
818,not_discussed,alleged,alleged,not_discussed,1,"[""investment contract,” such \nas the initial sale of FEI and TRIBE through the Genesis Event.""]"
819,not_discussed,not_discussed,not_discussed,not_discussed,0,[]
820,not_discussed,not_discussed,not_discussed,not_discussed,0,[]
821,not_discussed,not_discussed,not_discussed,not_discussed,0,[]
822,not_discussed,not_discussed,not_discussed,not_discussed,0,[]
823,not_discussed,not_discussed,not_discussed,not_discussed,0,[]
824,not_discussed,not_discussed,not_discussed,not_discussed,0,[]
825,not_discussed,not_discussed,not_discussed,not_discussed,0,[]
826,not_discussed,not_discussed,not_discussed,not_discussed,0,[]
827,not_discussed,not_discussed,not_discussed,not_discussed,0,[]
828,not_discussed,not_discussed,not_discussed,not_discussed,0,[]
829,alleged,not_discussed,alleged,alleged,1,"[""investment contracts, under SEC \nv."",""investment contracts,” \nas they meet the elements for an investment contract under SEC v."",""investment contract “is the presence of an investment in a common venture \npremised on a reasonable expectation of profits to be derived from the entrepreneurial or \nmanagerial efforts of others."",""investment contract where \ninvestors provided funds in exchange for interest rate earned through the issuer’s investment of the \nfunds)."",""investment of money in the form of crypto assets."",""expectation of profits to be derived from the entrepreneurial or \nmanagerial efforts of others.""]"
830,not_discussed,not_discussed,not_discussed,not_discussed,0,[]
831,not_discussed,not_discussed,not_discussed,not_discussed,0,[]
832,not_discussed,not_discussed,not_discussed,not_discussed,0,[]
833,not_discussed,not_discussed,not_discussed,not_discussed,0,[]
834,not_discussed,not_discussed,not_discussed,not_discussed,0,[]
835,not_discussed,not_discussed,not_discussed,not_discussed,0,[]
836,not_discussed,not_discussed,not_discussed,not_discussed,0,[]
837,not_discussed,not_discussed,not_discussed,not_discussed,0,[]
838,alleged,alleged,alleged,alleged,1,"[""investment \ncontracts are transactions involving the investment of money in a common enterprise with a \nreasonable expectation of profits to be derived from the entrepreneurial or managerial efforts of \nothers."",""investment contracts, and therefore that such digital assets are “securities” under the \nfederal securities laws."",""investment contracts, entitled investors to an unspecified allotment of \nCMCTs, once issued, in exchange for the a payment of Ether, Bitcoin, or U."",""investment of money in a common enterprise with a \nreasonable expectation of profits to be derived from the entrepreneurial or managerial efforts of \nothers."",""common enterprise with a \nreasonable expectation of profits to be derived from the entrepreneurial or managerial efforts of \nothers."",""common enterprise—the \nCrowd Machine “community”—and from their investment in the Crowd Machine ecosystem."",""expectation of profits to be derived from the entrepreneurial or managerial efforts of \nothers."",""efforts of others—specifically Sproule, CMG, and their agents—who were to create \nthe ecosystem that would increase the value of CMCTs and facilitate secondary market trading.""]"
839,not_discussed,not_discussed,not_discussed,not_discussed,0,[]
840,not_discussed,not_discussed,not_discussed,not_discussed,0,[]
841,not_discussed,not_discussed,not_discussed,not_discussed,0,[]
842,not_discussed,not_discussed,not_discussed,not_discussed,0,[]
843,not_discussed,not_discussed,not_discussed,not_discussed,0,[]
844,not_discussed,not_discussed,not_discussed,not_discussed,0,[]
845,not_discussed,not_discussed,not_discussed,not_discussed,0,[]
846,not_discussed,not_discussed,not_discussed,not_discussed,0,[]
847,not_discussed,not_discussed,not_discussed,not_discussed,0,[]
848,not_discussed,not_discussed,not_discussed,not_discussed,0,[]
849,not_discussed,not_discussed,not_discussed,not_discussed,0,[]
850,not_discussed,not_discussed,not_discussed,not_discussed,0,[]
851,not_discussed,not_discussed,not_discussed,not_discussed,0,[]
852,not_discussed,not_discussed,not_discussed,not_discussed,0,[]
853,not_discussed,not_discussed,not_discussed,not_discussed,0,[]
854,not_discussed,not_discussed,not_discussed,not_discussed,0,[]
855,not_discussed,not_discussed,not_discussed,not_discussed,0,[]
856,not_discussed,not_discussed,not_discussed,not_discussed,0,[]
857,not_discussed,not_discussed,not_discussed,not_discussed,0,[]
858,not_discussed,not_discussed,not_discussed,not_discussed,0,[]
859,alleged,alleged,alleged,alleged,1,"[""Howey test – a legal test established by the Supreme Court in 1946 to determine whether an offering is a security over which the SEC has jurisdiction – requires an investment of money."",""Howey, and that the Ponzi scheme fit squarely within the SEC’s jurisdiction."",""Howey Coin mimicking of a fraudulent ICO."",""Howey test); Reves v."",""investment contract\"" exists when there is the investment of money in a common enterprise with a reasonable expectation of profits to be derived from the efforts of others, and the statutory definition of security includes investment contracts)."",""investment of money in a common enterprise with a reasonable expectation of profits to be derived from the efforts of others, and the statutory definition of security includes investment contracts)."",""common enterprise with a reasonable expectation of profits to be derived from the efforts of others, and the statutory definition of security includes investment contracts)."",""expectation of profits and the efforts of the promoters.""]"
860,alleged,alleged,alleged,alleged,1,"[""Howey test are subject to the registration and \nreporting requirements of the Securities Act."",""Howey test to digital assets in a 2019 report entitled Framework for “Investment \n \n \n4\n Report of Investigation Pursuant to Section 21(a) of the Securities Act of 1934: The DAO, \nSECURITIES AND EXCHANGE COMMISSION (Jul."",""Howey Framework Report”)."",""Howey Framework Report."",""investment contracts and securities \nbecause  they  represent  the  investment  of  money  in  a  common  enterprise  with  a  reasonable  \nexpectation  of  profits  to  be  derived  from  the  efforts  of  others."",""investment contract, and thus a security, requires an analysis \nof the facts and circumstances surrounding the digital asset’s creation and issuance."",""Investment Contract” Analysis of Digital Assets, SECURITIES AND EXCHANGE \nCOMMISSION (Apr."",""investment contracts, and thus securities, in order to earn fees from user \ntransactions  in  these  assets.""]"
861,not_discussed,not_discussed,not_discussed,not_discussed,0,[]
862,not_discussed,not_discussed,not_discussed,not_discussed,0,[]
863,not_discussed,not_discussed,not_discussed,not_discussed,0,[]
864,not_discussed,not_discussed,not_discussed,not_discussed,0,[]
865,not_discussed,not_discussed,not_discussed,not_discussed,0,[]
866,not_discussed,not_discussed,not_discussed,not_discussed,0,[]
867,not_discussed,not_discussed,not_discussed,not_discussed,0,[]
868,not_discussed,not_discussed,not_discussed,not_discussed,0,[]
869,not_discussed,not_discussed,not_discussed,not_discussed,0,[]
870,not_discussed,not_discussed,not_discussed,not_discussed,0,[]
871,not_discussed,not_discussed,not_discussed,not_discussed,1,"[""investment contracts, notes, and evidences of indebtedness \n\n \nNotice of Hearing/Celsius Network, Inc."",""investment contract, note, evidence of indebtedness, or other type \nof security."",""investment contracts, notes, or evidences of \nindebtedness regulated as securities as that term is defined by Section 4.""]"
872,alleged,alleged,alleged,not_discussed,1,"[""investment contracts and therefore securities pursuant to SEC v.""]"
873,not_discussed,not_discussed,not_discussed,not_discussed,0,[]
874,not_discussed,not_discussed,not_discussed,not_discussed,0,[]
875,alleged,alleged,alleged,alleged,1,"[""investment contracts” are instruments, schemes, or \ntransactions through which a person invests money in a common enterprise and reasonably \nexpects profits or returns derived from the entrepreneurial or managerial efforts of others."",""investment contracts, including \ninterests in orange groves, animal breeding programs, railroads, mobile phones, enterprises that \nexist only on the Internet, and sales of certain digital assets that exist on distributed ledgers or \n“blockchains."",""investment contracts and, therefore, securities \nunder the federal securities laws."",""investment of \nmoney into a common enterprise from which investors had a reasonable expectation of profit \nbased upon the efforts of others—BitConnect."",""common enterprise and reasonably \nexpects profits or returns derived from the entrepreneurial or managerial efforts of others."",""common enterprise from which investors had a reasonable expectation of profit \nbased upon the efforts of others—BitConnect."",""expectation of profit \nbased upon the efforts of others—BitConnect."",""efforts of others—BitConnect.""]"
876,not_discussed,not_discussed,not_discussed,not_discussed,0,[]
877,not_discussed,not_discussed,not_discussed,not_discussed,0,[]
878,not_discussed,not_discussed,not_discussed,not_discussed,0,[]
879,not_discussed,not_discussed,not_discussed,not_discussed,0,[]
880,alleged,alleged,alleged,alleged,1,"[""Howey, in an effort to \nincrease market share."",""Howey, and therefore, \nsecurities."",""Howey, and therefore, securities."",""investment contracts under \n                                                           \n1\n The findings herein are made pursuant to Respondent’s Offer of Settlement and are not binding on any other \nperson or entity in this or any other proceeding."",""investment contract is an investment of money in a common enterprise with a reasonable \nexpectation of profits to be derived from the entrepreneurial or managerial efforts of others."",""investment contracts under Howey, and therefore, \nsecurities."",""investment contracts under Howey, and therefore, securities."",""investment of money in a common enterprise with a reasonable \nexpectation of profits to be derived from the entrepreneurial or managerial efforts of others.""]"
881,not_discussed,not_discussed,not_discussed,not_discussed,0,[]
882,alleged,alleged,alleged,alleged,1,"[""Howey and its progeny, including the cases discussed by the Commission \nin its Report of Investigation Pursuant To Section 21(a) Of The Securities Exchange Act of 1934: \nThe DAO (Exchange Act Rel."",""investment contracts and thus were securities."",""investment \ncontract is an investment of money in a common enterprise with a reasonable expectation of profits \nto be derived from the entrepreneurial or managerial efforts of others."",""investment contract \n“is the presence of an investment in a common venture premised on a reasonable expectation of \nprofits to be derived from the entrepreneurial or managerial efforts of others."",""investment contract when investors reasonably relied on the promoters’ \nefforts to create a secondary trading market for an instrument, even if that instrument would not \nhave been a security on its own."",""investment contract”); see also SEC v."",""investment of money in a common enterprise with a reasonable expectation of profits \nto be derived from the entrepreneurial or managerial efforts of others."",""investment of money in \nthe form of U.""]"
883,alleged,alleged,alleged,alleged,1,"[""Investment contracts are instruments involving the \ninvestment of money in a common enterprise with the reasonable expectation of \nprofits to be derived from the entrepreneurial or managerial efforts of others."",""investment contracts and therefore \nsecurities."",""investment contracts and therefore securities."",""investment of money in a common enterprise with the reasonable expectation of \nprofits to be derived from the entrepreneurial or managerial efforts of others."",""common enterprise with the reasonable expectation of \nprofits to be derived from the entrepreneurial or managerial efforts of others."",""expectation of \nprofits to be derived from the entrepreneurial or managerial efforts of others.""]"
884,not_discussed,not_discussed,not_discussed,not_discussed,0,[]
885,not_discussed,not_discussed,not_discussed,not_discussed,0,[]
886,not_discussed,alleged,alleged,not_discussed,1,"[""investment contracts, \nevidence of indebtedness, and related types of participation in profit-sharing agreements."",""common enterprise’ means an \nenterprise  in  which  the  fortunes  of  the  investor  are  interwoven  with  those  of  either  the  \nperson  offering  the  investment,  a  third  party,  or  other  investors."",""expectation of profits to be derived primarily \nfrom the efforts of a person other than the investor and a ‘common enterprise’ means an \nenterprise  in  which  the  fortunes  of  the  investor  are  interwoven  with  those  of  either  the  \nperson  offering  the  investment,  a  third  party,  or  other  investors.""]"
887,not_discussed,not_discussed,not_discussed,not_discussed,1,"[""investment contracts, notes, and evidences of indebtedness \n–  broad  categories  of  products  that  capture  the  endless  number  of  unique  and  \ninnovative investment schemes continuously introduced into the market."",""investment contract, note, evidence of indebtedness, or other type \nof security."",""investment contracts, notes, or evidences of indebtedness regulated as securities \nas that term is defined by Section 4.""]"
888,not_discussed,not_discussed,not_discussed,not_discussed,0,[]
889,not_discussed,not_discussed,not_discussed,not_discussed,0,[]
891,not_discussed,not_discussed,alleged,not_discussed,1,"[""investment  contracts, which  are securities pursuant to Section  2(a)(1) of the Securities Act.""]"
892,not_discussed,not_discussed,not_discussed,not_discussed,0,[]
893,not_discussed,not_discussed,not_discussed,not_discussed,0,[]
894,alleged,alleged,alleged,not_discussed,1,"[""investment contracts as defined in Section 2(a)(1) of the Securities Act and Section \n3(a)(10) of the Exchange Act [15 U."",""common enterprise because both \ninvestors and Profit Connect were to make money through Profit Connect’s \ninvestments, because Profit Connect pooled all investor funds into one bank account \n(the Profit Connect Investor Account), and because Profit Connect used some of \nthose funds to make payments to investors.""]"
895,not_discussed,not_discussed,not_discussed,not_discussed,0,[]
896,not_discussed,not_discussed,not_discussed,not_discussed,0,[]
897,alleged,alleged,alleged,not_discussed,1,"[""investment  contracts, and therefore securities, under SEC v.""]"
898,not_discussed,not_discussed,not_discussed,not_discussed,0,[]
899,not_discussed,alleged,not_discussed,not_discussed,1,[]
900,not_discussed,not_discussed,not_discussed,not_discussed,0,[]
901,not_discussed,not_discussed,not_discussed,not_discussed,0,[]
902,alleged,alleged,alleged,alleged,1,"[""investment contracts” are instruments, schemes, or transactions through which a person \ninvests money in a common enterprise and reasonably expects profits or returns derived from the \nentrepreneurial or managerial efforts of others."",""investment contracts, including interests in orange groves, animal breeding \nprograms, railroads, mobile phones, and enterprises that exist only on the Internet."",""investment contract, in part because BitConnect represented that investors could earn daily \ninterest payments by lending their BCC to BitConnect in return for interest payments generated \nfrom its Trading Bot."",""investment of money into a common enterprise with other investors and with BitConnect and its \npromoters, with the reasonable expectation of profit from the efforts of BitConnect."",""common enterprise and reasonably expects profits or returns derived from the \nentrepreneurial or managerial efforts of others."",""common enterprise with other investors and with BitConnect and its \npromoters, with the reasonable expectation of profit from the efforts of BitConnect."",""expectation of profit from the efforts of BitConnect.""]"
903,not_discussed,not_discussed,not_discussed,not_discussed,0,[]
904,not_discussed,not_discussed,not_discussed,not_discussed,0,[]
905,not_discussed,not_discussed,not_discussed,not_discussed,0,[]
906,not_discussed,not_discussed,not_discussed,not_discussed,0,[]
907,not_discussed,not_discussed,not_discussed,not_discussed,0,[]
908,not_discussed,not_discussed,not_discussed,not_discussed,0,[]
909,not_discussed,not_discussed,not_discussed,not_discussed,0,[]
910,not_discussed,not_discussed,not_discussed,not_discussed,0,[]
911,alleged,alleged,alleged,not_discussed,1,"[""investment contracts when no registration statement was filed or in effect \nCase 2:21-cv-00103-BLW   Document 1   Filed 03/05/21   Page 16 of 20\n\n \n17 \n \n \nwith respect their offer or sale."",""investment of money (including digital assets) in CTM and Cutting told investors he would and, in \nfact did, pool investor funds together."",""investment \nof money was passive and they expected profits to be derived solely from the efforts of Cutting \nthrough his purported investment strategies."",""common enterprise whereby Cutting commingled the \ninvestments and traded the money in pooled accounts to execute his purported digital asset trading \nstrategy and make profits for investors in the private funds and himself.""]"
912,not_discussed,not_discussed,not_discussed,not_discussed,0,[]
913,not_discussed,not_discussed,not_discussed,not_discussed,0,[]
914,not_discussed,not_discussed,not_discussed,not_discussed,0,[]
915,satisfied,alleged,alleged,alleged,1,"[""Howey test, finding that the offering of digital assets at issue in that \nreport were investment contracts and, therefore, securities."",""investment contracts and, therefore, securities."",""investment contract, and therefore a security, is a “flexible rather than a static \nprinciple, one that is capable of adaptation to meet the countless and variable schemes devised by \nCase 1:21-cv-01381   Document 1   Filed 02/17/21   Page 8 of 13\n\n \n9 \nthose who seek the use of the money of others on the promise of profits."",""investment contract and therefore a security subject to the registration requirements of the \nfederal securities laws."",""investment of money in a common enterprise with a reasonable expectation of profits to be \nderived from the efforts of others."",""investment of money by CSD token \npurchasers."",""common enterprise with a reasonable expectation of profits to be \nderived from the efforts of others."",""common \nenterprise with other CSD token purchasers, as well as with Defendants.""]"
916,not_discussed,not_discussed,not_discussed,not_discussed,0,[]
917,not_discussed,not_discussed,not_discussed,not_discussed,1,"[""Investment Contract” Analysis of \nDigital Assets (Apr.""]"
918,not_discussed,not_discussed,not_discussed,not_discussed,0,[]
919,not_discussed,not_discussed,not_discussed,not_discussed,0,[]
920,not_discussed,not_discussed,not_discussed,not_discussed,0,[]
921,alleged,alleged,alleged,alleged,1,"[""Investment Contracts in \nDecember 2017 \n43."",""investment contracts that they and their affiliates promoted through the Start \nOptions Website, social media, and press releases (together, the “SO Marketing Materials”)."",""investment contracts available for \npurchase by individuals located in the U."",""Investment Contracts Were Securities \n47."",""investment \ncontracts, which were securities."",""investment contracts into purported B2G \nmining and trading investments."",""expectation of profits based on the \nefforts of Bitcoiin2Gen’s management team, controlled by Krstic.""]"
922,not_discussed,not_discussed,not_discussed,not_discussed,0,[]
923,alleged,alleged,alleged,alleged,1,"[""investment contracts when it \noffered and sold digital assets through simple agreements for future tokens (“SAFTs”)."",""investment contracts, and were therefore \nsecurities under SEC v."",""investment contracts in exchange for the investment of money or \nother contributions of value, including other digital assets."",""investment contracts through a general solicitation."",""investment contracts without a registration statement being in effect."",""investment contract without a registration statement being filed."",""investment of money or \nother contributions of value, including other digital assets.""]"
924,not_discussed,not_discussed,not_discussed,not_discussed,0,[]
925,not_discussed,not_discussed,not_discussed,not_discussed,0,[]
926,alleged,not_discussed,not_discussed,not_discussed,1,"[""investment contract and therefore a security subject to \nthe registration requirements of the federal securities laws,” Ex.""]"
927,not_discussed,not_discussed,not_discussed,not_discussed,0,[]
928,not_discussed,not_discussed,not_discussed,not_discussed,0,[]
929,not_discussed,not_discussed,not_discussed,not_discussed,0,[]
930,alleged,alleged,not_discussed,alleged,1,"[""investment contracts, and therefore securities, pursuant to SEC v.""]"
931,not_discussed,not_discussed,not_discussed,not_discussed,1,"[""investment contract or certificate of interest or participation \nin  any profit-sharing agreement, provided that  such investment  contract or interest is the subject of a \nregistration statement with the Commission pursuant to the  Securities Exchange Act  of 1933 (15  U.""]"
932,not_discussed,not_discussed,not_discussed,not_discussed,0,[]
933,alleged,alleged,alleged,alleged,1,"[""Howey decision of 1946 that the \ndefinition of whether an instrument is an investment contract and therefore a security is a “flexible \nrather than a static principle, one that is capable of adaptation to meet the countless and variable \nschemes devised by those who seek the use of the money of others on the promise of profits."",""investment contract” and therefore a security under the federal securities laws."",""Investment contracts are instruments \nCase 1:20-cv-10832   Document 4   Filed 12/22/20   Page 6 of 71\n\n \n7 \nthrough which a person invests money in a common enterprise and reasonably expects profits or \nreturns derived from the entrepreneurial or managerial efforts of others."",""investment contracts, including interests in orange \ngroves, animal breeding programs, railroads, mobile phones, and enterprises that exist only on the \nInternet."",""investment contracts and, therefore, securities."",""investment contract” (and thus a security) under the federal securities laws depending on various \nfactors."",""investment contracts (and thus securities)."",""investment contract and therefore a security is a “flexible \nrather than a static principle, one that is capable of adaptation to meet the countless and variable \nschemes devised by those who seek the use of the money of others on the promise of profits.""]"
934,not_discussed,not_discussed,not_discussed,not_discussed,0,[]
935,not_discussed,alleged,not_discussed,not_discussed,1,[]
936,not_discussed,not_discussed,not_discussed,not_discussed,0,[]
937,not_discussed,not_discussed,not_discussed,not_discussed,0,[]
938,not_discussed,not_discussed,not_discussed,not_discussed,0,[]
939,not_discussed,not_discussed,not_discussed,not_discussed,0,[]
941,not_discussed,not_discussed,not_discussed,not_discussed,0,[]
942,not_discussed,not_discussed,not_discussed,not_discussed,0,[]
943,not_discussed,not_discussed,not_discussed,not_discussed,0,[]
944,not_discussed,not_discussed,not_discussed,not_discussed,0,[]
945,not_discussed,not_discussed,not_discussed,not_discussed,0,[]
946,alleged,alleged,alleged,alleged,1,"[""Howey \nTest due to the SEC chairman’s last rant about crypto” (referring to the Supreme Court’s decision in \nSEC v."",""INVESTMENT CONTRACTS AND WERE THEREFORE SECURITIES \n182."",""investment contracts” and were therefore securities within the meaning of Section \n2(a)(1) of the Securities Act [15 U."",""investment contract under the federal securities laws."",""investment of \nmoney in a common enterprise with an expectation of profits to be generated from the efforts of \nthe issuers and/or other third parties."",""common enterprise with an expectation of profits to be generated from the efforts of \nthe issuers and/or other third parties."",""expectation of profits to be generated from the efforts of \nthe issuers and/or other third parties."",""efforts of others by, among other things, referring to ICO participants as “investors,” and \n34 \n\n \n \n \n \n \n \n \n \n \nCase 1:20-cv-08281   Document 1   Filed 10/05/20   Page 35 of 55 \nexplaining that the company would determine how many tokens it would retain at the end of \nthe crowdsale in part to “protect investors.""]"
947,alleged,alleged,alleged,alleged,1,"[""Howey   test,”   derived   from   the   \nSupreme   Court’s   seminal   1946   decision   \nin Securities and Exchange Commission v."",""investment  \ncontract, and, therefore, is a security” under \nthe   federal   securities   laws."",""investment contract,” \nas  well  as  other  instruments  such  as  stocks,  \nbonds,  and  transferable  shares."",""investment  contract”  \nexists  if  there  is  an  investment  of  money  in  \na common enterprise with an expectation of \nprofits  derived  from  the  efforts  of  others."",""Investment   Contract’   Analysis   of   \nDigital  Assets,  available  at:  https://www."",""Investment  Contract’  \nAnalysis of Digital Assets, supra note 99."",""investment  of  money  in  \na common enterprise with an expectation of \nprofits  derived  from  the  efforts  of  others."",""common enterprise with an expectation of \nprofits  derived  from  the  efforts  of  others.""]"
948,not_discussed,not_discussed,not_discussed,not_discussed,0,[]
949,not_discussed,not_discussed,not_discussed,not_discussed,0,[]
950,not_discussed,alleged,satisfied,not_discussed,1,"[""investment contracts, and therefore securities, pursuant to the test laid out in SEC v."",""expectation of profits from their \ninvestment in the Salt enterprise.""]"
951,alleged,alleged,alleged,not_discussed,1,"[""expectation of profits was reasonable.""]"
952,not_discussed,not_discussed,not_discussed,not_discussed,0,[]
953,alleged,alleged,alleged,not_discussed,1,"[""investment contracts, and therefore securities \n(the “FLiK ICO”)."",""investment contracts, and therefore securities."",""investment contracts,” and thus securities, \nwithin the meaning of Section 2(a)(1) of the Securities Act [15 U."",""investment contracts” and thus securities  within  the meaning \nCase 1:20-cv-03739-SCJ   Document 1   Filed 09/10/20   Page 31 of 54\n\n32 \n \nof Section 2(a)(1) of the Securities  Act  [15 U.""]"
954,not_discussed,not_discussed,not_discussed,not_discussed,0,[]
955,not_discussed,not_discussed,not_discussed,not_discussed,0,[]
956,not_discussed,not_discussed,not_discussed,not_discussed,0,[]
957,alleged,not_discussed,not_discussed,alleged,1,[]
958,not_discussed,not_discussed,not_discussed,not_discussed,0,[]
959,alleged,alleged,alleged,alleged,1,"[""investment contracts, and therefore securities, under SEC v."",""investment contracts,” and therefore \nsecurities under the federal securities laws during the relevant time period."",""investment contract is an investment of money in a \ncommon enterprise with a reasonable expectation of profits to be derived from the entrepreneurial \nor managerial efforts of others."",""investment contract “is the presence of an investment \nin a common venture premised on a reasonable expectation of profits to be derived from the \nentrepreneurial or managerial efforts of others."",""investment of money in a \ncommon enterprise with a reasonable expectation of profits to be derived from the entrepreneurial \nor managerial efforts of others."",""investment of money or other contributions of value, including other digital assets."",""common enterprise with a reasonable expectation of profits to be derived from the entrepreneurial \nor managerial efforts of others."",""expectation of profits to be derived from the entrepreneurial \nor managerial efforts of others.""]"
960,not_discussed,not_discussed,not_discussed,not_discussed,0,[]
961,not_discussed,not_discussed,not_discussed,not_discussed,0,[]
962,not_discussed,not_discussed,not_discussed,not_discussed,0,[]
963,not_discussed,not_discussed,not_discussed,not_discussed,0,[]
964,not_discussed,not_discussed,not_discussed,not_discussed,0,[]
965,not_discussed,not_discussed,not_discussed,not_discussed,0,[]
966,not_discussed,not_discussed,not_discussed,not_discussed,0,[]
967,not_discussed,not_discussed,not_discussed,not_discussed,0,[]
968,not_discussed,not_discussed,not_discussed,not_discussed,0,[]
969,not_discussed,not_discussed,not_discussed,not_discussed,0,[]
970,not_discussed,not_discussed,not_discussed,not_discussed,0,[]
971,not_discussed,not_discussed,not_discussed,not_discussed,0,[]
972,not_discussed,not_discussed,not_discussed,not_discussed,0,[]
973,not_discussed,not_discussed,not_discussed,not_discussed,0,[]
974,alleged,alleged,alleged,alleged,1,"[""Investment contracts are \ninstruments involving the investment of money in a common enterprise with the reasonable \nexpectation of profits to be derived from the entrepreneurial or managerial efforts of others."",""investment contracts and therefore securities."",""investment contracts and therefore \nsecurities."",""investment of money in a common enterprise with the reasonable \nexpectation of profits to be derived from the entrepreneurial or managerial efforts of others."",""common enterprise with the reasonable \nexpectation of profits to be derived from the entrepreneurial or managerial efforts of others."",""expectation of profits to be derived from the entrepreneurial or managerial efforts of others.""]"
975,not_discussed,not_discussed,not_discussed,not_discussed,0,[]
976,not_discussed,not_discussed,not_discussed,not_discussed,0,[]
977,not_discussed,not_discussed,not_discussed,not_discussed,0,[]
978,not_discussed,not_discussed,not_discussed,not_discussed,0,[]
979,not_discussed,not_discussed,not_discussed,not_discussed,0,[]
980,not_discussed,not_discussed,not_discussed,not_discussed,0,[]
981,not_discussed,not_discussed,not_discussed,not_discussed,0,[]
982,not_discussed,not_discussed,not_discussed,not_discussed,0,[]
983,not_discussed,not_discussed,not_discussed,not_discussed,0,[]
984,not_discussed,not_discussed,not_discussed,not_discussed,0,[]
985,not_discussed,not_discussed,not_discussed,not_discussed,0,[]
986,not_discussed,alleged,alleged,alleged,1,"[""investment contracts and therefore were securities."",""investment contracts and therefore securities pursuant to SEC v.""]"
987,not_discussed,not_discussed,not_discussed,not_discussed,0,[]
988,not_discussed,not_discussed,not_discussed,not_discussed,0,[]
989,not_discussed,not_discussed,not_discussed,not_discussed,0,[]
990,not_discussed,not_discussed,not_discussed,not_discussed,0,[]
991,not_discussed,not_discussed,not_discussed,not_discussed,0,[]
992,alleged,alleged,not_discussed,not_discussed,1,[]
993,not_discussed,not_discussed,not_discussed,not_discussed,0,[]
994,not_discussed,not_discussed,not_discussed,not_discussed,0,[]
995,not_discussed,not_discussed,not_discussed,not_discussed,0,[]
996,not_discussed,not_discussed,not_discussed,not_discussed,0,[]
997,not_discussed,not_discussed,not_discussed,not_discussed,0,[]
998,not_discussed,not_discussed,not_discussed,not_discussed,0,[]
999,not_discussed,not_discussed,not_discussed,not_discussed,0,[]
1000,not_discussed,not_discussed,not_discussed,not_discussed,0,[]
1001,not_discussed,not_discussed,not_discussed,not_discussed,0,[]
1002,not_discussed,not_discussed,not_discussed,not_discussed,0,[]
1003,not_discussed,not_discussed,not_discussed,not_discussed,0,[]
1004,not_discussed,not_discussed,not_discussed,not_discussed,0,[]
1005,not_discussed,not_discussed,not_discussed,not_discussed,0,[]
1006,not_discussed,not_discussed,not_discussed,not_discussed,0,[]
1007,not_discussed,not_discussed,not_discussed,not_discussed,0,[]
1008,not_discussed,not_discussed,not_discussed,not_discussed,0,[]
1009,not_discussed,not_discussed,not_discussed,not_discussed,0,[]
1010,not_discussed,not_discussed,not_discussed,not_discussed,0,[]
1011,not_discussed,not_discussed,not_discussed,not_discussed,0,[]
1012,alleged,alleged,alleged,not_discussed,1,"[""investment contract, whereby investors gave money to Meta1 with the expectation that the \nefforts of Meta1 and its principals would yield investment returns.""]"
1013,not_discussed,not_discussed,not_discussed,not_discussed,0,[]
1014,not_discussed,not_discussed,not_discussed,not_discussed,0,[]
1015,not_discussed,not_discussed,not_discussed,not_discussed,0,[]
1016,not_discussed,not_discussed,not_discussed,not_discussed,0,[]
1017,not_discussed,not_discussed,not_discussed,not_discussed,0,[]
1018,not_discussed,not_discussed,satisfied,alleged,1,"[""investment contracts and therefore securities pursuant to Section 2(a)(1) of the Securities Act."",""expectation of profits from their investment in the B2G \n                                                 \n1\n  The findings herein are made pursuant to Respondent’s Offer of Settlement and are not \nbinding on any other person or entity in this or any other proceeding.""]"
1019,alleged,alleged,satisfied,alleged,1,"[""investment contracts, and therefore securities, pursuant to SEC v."",""Expectation of Profits and Relied on the \nEfforts of Enigma for a Return on Their Investments \n \n7.""]"
1020,not_discussed,not_discussed,not_discussed,not_discussed,0,[]
1021,not_discussed,not_discussed,not_discussed,not_discussed,0,[]
1022,alleged,not_discussed,alleged,not_discussed,1,[]
1023,not_discussed,not_discussed,not_discussed,not_discussed,0,[]
1024,not_discussed,not_discussed,alleged,alleged,1,"[""Howey,[3] a now infamous case describing what an investment contract is."",""Howey case dealt with the sale of orange groves, and subsequent cases have involved the sale of a host of other esoteric assets."",""Howey case, purchasers of units in the orange grove were deemed to be purchasing securities because they were buying the managerial efforts of others along with their piece of the orange grove."",""Howey analysis to crypto, but doing so is not particularly easy."",""Howey analysis and attempt to bring clarity on when a token transaction should not be considered a securities transaction."",""Howey Met Gary (Plastic) (June 14, 2018), available at https://www."",""investment contract is one type of security under our federal securities laws."",""investment contract; but, the object of the investment contract—the token—may not bear the hallmarks of a security.""]"
1025,not_discussed,not_discussed,not_discussed,not_discussed,0,[]
1026,alleged,alleged,not_discussed,alleged,1,"[""investment contracts and, thus, securities."",""Investment contracts are \ninstruments \nthrough\nw\nhich an individual invests money in a common enterprise and \nreasonably \nexpects profits or\nreturns derived from the \nentrepreneurial \nor \nmanagerial efforts of others."",""investment contracts \nand, thus,\ns\necurities."",""common enterprise and \nreasonably \nexpects profits or\nreturns derived from the \nentrepreneurial \nor \nmanagerial efforts of others.""]"
1027,not_discussed,not_discussed,not_discussed,not_discussed,0,[]
1028,not_discussed,not_discussed,not_discussed,not_discussed,0,[]
1029,not_discussed,not_discussed,not_discussed,not_discussed,0,[]
1030,not_discussed,not_discussed,not_discussed,not_discussed,0,[]
1031,not_discussed,not_discussed,not_discussed,not_discussed,0,[]
1032,not_discussed,not_discussed,not_discussed,not_discussed,0,[]
1033,not_discussed,not_discussed,not_discussed,not_discussed,0,[]
1034,not_discussed,alleged,alleged,alleged,1,"[""Expectation of Profits from the Efforts of BCOT and Its Agents \n \n22.""]"
1035,not_discussed,not_discussed,not_discussed,not_discussed,0,[]
1036,alleged,alleged,alleged,alleged,1,"[""investment contracts and, thus, securities."",""investment contracts and, thus, \nsecurities.""]"
1037,not_discussed,not_discussed,not_discussed,not_discussed,0,[]
1038,not_discussed,not_discussed,not_discussed,not_discussed,0,[]
1039,not_discussed,not_discussed,not_discussed,not_discussed,0,[]
1040,not_discussed,not_discussed,not_discussed,not_discussed,0,[]
1041,not_discussed,not_discussed,not_discussed,not_discussed,0,[]
1042,not_discussed,not_discussed,not_discussed,not_discussed,0,[]
1043,not_discussed,not_discussed,not_discussed,not_discussed,0,[]
1044,not_discussed,not_discussed,not_discussed,not_discussed,0,[]
1045,not_discussed,alleged,not_discussed,not_discussed,1,[]
1046,alleged,alleged,alleged,alleged,1,"[""common enterprise, and took steps and are taking steps to \nmake this expectation a reality."",""expectation of profits, including through the increased value of their investments in secondary \ntrading, based on the managerial efforts of others.""]"
1047,not_discussed,not_discussed,not_discussed,not_discussed,0,[]
1048,not_discussed,not_discussed,not_discussed,not_discussed,0,[]
1049,not_discussed,not_discussed,not_discussed,not_discussed,0,[]
1050,not_discussed,not_discussed,not_discussed,not_discussed,0,[]
1051,not_discussed,not_discussed,not_discussed,not_discussed,0,[]
1052,not_discussed,not_discussed,not_discussed,not_discussed,0,[]
1053,not_discussed,not_discussed,not_discussed,not_discussed,0,[]
1054,not_discussed,not_discussed,not_discussed,not_discussed,0,[]
1055,not_discussed,not_discussed,not_discussed,not_discussed,0,[]
1056,not_discussed,not_discussed,not_discussed,not_discussed,1,"[""Investment Contract” Analysis of Digital Assets).""]"
1058,not_discussed,not_discussed,not_discussed,not_discussed,1,"[""Investment Contract” Analysis of Digital Assets).""]"
1059,alleged,alleged,alleged,alleged,1,"[""Investment contracts are instruments through which an \nindividual invests money in a common enterprise and reasonably expects profits or returns \nderived from the entrepreneurial or managerial efforts of others."",""investment contracts, \nincluding interests in orange groves, animal breeding programs, railroads, airplanes, mobile \nphones, and enterprises existing only on the Internet."",""investment contracts from which Initial \nPurchasers and others reasonably expect to reap enormous profits once the Gram market \nlaunches."",""common enterprise and reasonably expects profits or returns \nderived from the entrepreneurial or managerial efforts of others."",""common enterprise, and took steps and is taking steps to make this \nexpectation a reality."",""common enterprise, with an expectation \nof profits, derived primarily from the current and future entrepreneurial and managerial efforts of \n28 \n\n \n \n  \n      \n    \n \n \n  \n \n  \n  \n    \n \n   \n \n  \n  \n \n \n \n   \n  \n  \n \n  \n  \nDefendants and their agents to build the TON Blockchain and drive demand for Grams."",""expectation \nof profits, derived primarily from the current and future entrepreneurial and managerial efforts of \n28 \n\n \n \n  \n      \n    \n \n \n  \n \n  \n  \n    \n \n   \n \n  \n  \n \n \n \n   \n  \n  \n \n  \n  \nDefendants and their agents to build the TON Blockchain and drive demand for Grams.""]"
1060,not_discussed,not_discussed,not_discussed,not_discussed,0,[]
1061,not_discussed,not_discussed,not_discussed,not_discussed,0,[]
1062,not_discussed,not_discussed,not_discussed,not_discussed,0,[]
1063,not_discussed,not_discussed,not_discussed,not_discussed,0,[]
1064,alleged,alleged,not_discussed,not_discussed,1,[]
1065,not_discussed,not_discussed,not_discussed,not_discussed,0,[]
1066,not_discussed,not_discussed,not_discussed,not_discussed,0,[]
1067,alleged,alleged,alleged,alleged,1,"[""investment contract” as a contract, transaction, or scheme whereby a person invests \nhis or her money in a common enterprise and is led to expect profits solely from the \nefforts of the promoter or a third party."",""common enterprise and is led to expect profits solely from the \nefforts of the promoter or a third party."",""common enterprise” of establishing the MEDX \nplatform, where MEDX tokens would be the established and sole “currency."",""efforts of others contain the hallmarks of a security \nunder U."",""efforts of the promoter or a third party.""]"
1068,not_discussed,not_discussed,not_discussed,not_discussed,0,[]
1069,alleged,alleged,alleged,alleged,1,"[""Howey test:  investors invested of \nmoney in a common enterprise, and were led to expect profits solely from \nCryptonomics’ efforts."",""investment contract under the Howey test:  investors invested of \nmoney in a common enterprise, and were led to expect profits solely from \nCryptonomics’ efforts."",""investment contracts \nwithout any registration or exemption, Cryptonomics was incentivizing people to \nact as unregistered broker-dealers to sell these investment contracts."",""investment of money in a common enterprise with Cryptonomics and with \neach other, and reasonably would have been led to expect profits derived from \nthe entrepreneurial and managerial efforts of Cryptonomics and its agents."",""common enterprise, and were led to expect profits solely from \nCryptonomics’ efforts."",""common enterprise with Cryptonomics and with \neach other, and reasonably would have been led to expect profits derived from \nthe entrepreneurial and managerial efforts of Cryptonomics and its agents.""]"
1070,not_discussed,not_discussed,not_discussed,not_discussed,0,[]
1071,not_discussed,alleged,alleged,not_discussed,1,[]
1072,not_discussed,not_discussed,not_discussed,not_discussed,0,[]
1073,not_discussed,not_discussed,not_discussed,not_discussed,0,[]
1074,alleged,alleged,alleged,alleged,1,"[""investment \ncontracts and thus securities."",""investment contracts and thus securities."",""expectation of profits to be derived, if at all, from the Defendants’ managerial or \nentrepreneurial efforts.""]"
1075,not_discussed,alleged,not_discussed,not_discussed,1,[]
1076,not_discussed,alleged,not_discussed,not_discussed,1,[]
1077,not_discussed,not_discussed,not_discussed,not_discussed,0,[]
1078,not_discussed,not_discussed,not_discussed,not_discussed,0,[]
1079,not_discussed,not_discussed,not_discussed,not_discussed,1,"[""investment contracts, which are securities pursuant to Section 2(a)(1) of the Securities Act.""]"
1080,not_discussed,not_discussed,not_discussed,not_discussed,0,[]
1081,not_discussed,not_discussed,not_discussed,not_discussed,0,[]
1082,not_discussed,not_discussed,not_discussed,not_discussed,0,[]
1083,not_discussed,not_discussed,not_discussed,not_discussed,1,[]
1084,not_discussed,alleged,not_discussed,not_discussed,1,[]
1085,not_discussed,not_discussed,not_discussed,not_discussed,0,[]
1086,not_discussed,not_discussed,not_discussed,not_discussed,0,[]
1087,not_discussed,not_discussed,not_discussed,not_discussed,0,[]
1088,not_discussed,not_discussed,not_discussed,not_discussed,0,[]
1089,not_discussed,not_discussed,not_discussed,not_discussed,0,[]
1090,not_discussed,not_discussed,not_discussed,not_discussed,0,[]
1091,not_discussed,not_discussed,not_discussed,not_discussed,0,[]
1092,not_discussed,not_discussed,not_discussed,not_discussed,0,[]
1093,not_discussed,not_discussed,not_discussed,not_discussed,0,[]
1094,alleged,alleged,alleged,alleged,1,"[""Howey test requires that there be\n\""an investment of money."",""Howey test requires investment\nin a common enterprise with a reasonable expectation of profit through that\nenterprise."",""Howey test requires that the\ninvestors' profits be derived from the managerial efforts of others."",""Howey text at all relevant times, regardless\nof decentralization, because token purchasers were dependent on\ndefendants' managerial efforts to launch the kCoin and allow token\npurchasers to earn mining rewards."",""investment contracts,\"" and thus securities governed by\nthe federal securities laws, under the test set forth in SEC v."",""common enterprise with a reasonable expectation of profit through that\nenterprise."",""expectation of profit through that\nenterprise.""]"
1095,not_discussed,not_discussed,not_discussed,not_discussed,0,[]
1096,not_discussed,not_discussed,not_discussed,not_discussed,1,"[""investment contract or interest that is not the subject of a registration statement with the Commission pursuant to the provisions of the Securities Act of 1933).""]"
1097,not_discussed,not_discussed,not_discussed,not_discussed,1,"[""investment contract or interest that is not the subject of a registration statement with the Commission pursuant to the provisions of the Securities Act of 1933).""]"
1098,not_discussed,alleged,not_discussed,not_discussed,1,[]
1099,not_discussed,not_discussed,not_discussed,not_discussed,0,[]
1100,not_discussed,not_discussed,not_discussed,not_discussed,0,[]
1101,not_discussed,not_discussed,not_discussed,not_discussed,0,[]
1102,not_discussed,not_discussed,not_discussed,not_discussed,0,[]
1103,not_discussed,not_discussed,not_discussed,not_discussed,0,[]
1104,not_discussed,not_discussed,not_discussed,not_discussed,0,[]
1105,not_discussed,not_discussed,not_discussed,not_discussed,0,[]
1106,alleged,alleged,alleged,alleged,1,"[""Howey Test” to determine if sale of tokens would constitute an \n“investment contract."",""Howey test, the same legal \nstandard Kik had been discussing for months."",""Investment contracts are transactions where an individual \ninvests money in a common enterprise and reasonably expects profits to be derived from the \nentrepreneurial or managerial efforts of others."",""investment contracts, including interests \nin orange groves, animal breeding programs, railroads, airplanes, mobile phones, and enterprises \nexisting only on the Internet."",""investment contracts” – \nunder the United States Supreme Court’s decision in SEC v."",""investment contracts and, thus, securities."",""investment of money, in a common enterprise, \nwith an expectation of profits for both Kik and the offerees, derived primarily from the future \nefforts of Kik and others to build the Kin Ecosystem and drive demand for Kin."",""investment of money in a common enterprise with Kik and with each other, and reasonably would \nhave been led to expect profits derived from the entrepreneurial and managerial efforts of Kik and \nits agents.""]"
1108,not_discussed,not_discussed,not_discussed,not_discussed,0,[]
1109,alleged,alleged,alleged,not_discussed,1,"[""investment of money by paying a \n$50 activation fee in exchange for the right to receive passive income through IPro’s \niPN Compensation Plan recruitment bonus structure."",""investment of money, rebate rewards and recruitment bonus compensation \nconvertible into a cryptocurrency, PRO Currency, which they hoped would appreciate \nin value through Pacheco’s efforts to establish an e-commerce platform in which \nsales would be transacted in PRO Currency.""]"
1110,not_discussed,not_discussed,not_discussed,not_discussed,0,[]
1111,not_discussed,not_discussed,not_discussed,not_discussed,0,[]
1112,not_discussed,not_discussed,not_discussed,not_discussed,0,[]
1113,not_discussed,not_discussed,not_discussed,not_discussed,1,"[""Investment Contract’ \nAnalysis of Digital Assets,” Securities and Exchange Commission, April 3, 2019, available at \nhttps://www.""]"
1114,satisfied,alleged,alleged,alleged,1,"[""Howey, a contract, transaction, or scheme is an “investment \ncontract”  if  it  involves:  (i)  the  investment  of  money;  (ii)  in  a  common  enterprise;  (iii)  with  the  \nexpectation of profits to come solely from the efforts of others."",""Howey test is not the only test for determining a \nsecurity, but has been held to embody “all the attributes that run through all of the Court’s decisions \ndefining a security”)."",""Howey test:  (a)  to  receive  any  OneCoins \n(and invest in the OneCoin trader packages/memberships), an investment of money, in the form of \nfiat currency and/or cryptocurrency was required; (b) the investment of money was made into the \ncommon enterprise that is Defendant ONECOIN LTD."",""INVESTMENT CONTRACT SECURITIES ."",""investment  contract  securities  in  violation  of  the  federal \nsecurities   laws’   registration   requirements   and   participation   in   effectuating   the   fraudulent   \nPonzi/pyramid schemes."",""Investment Contract Securities  \n108."",""investment contract,” or “instrument commonly known as a ‘security."",""investment \ncontract”  if  it  involves:  (i)  the  investment  of  money;  (ii)  in  a  common  enterprise;  (iii)  with  the  \nexpectation of profits to come solely from the efforts of others.""]"
1115,not_discussed,not_discussed,not_discussed,not_discussed,0,[]
1116,not_discussed,not_discussed,not_discussed,not_discussed,0,[]
1117,not_discussed,not_discussed,not_discussed,not_discussed,0,[]
1118,not_discussed,not_discussed,not_discussed,not_discussed,0,[]
1119,not_discussed,not_discussed,not_discussed,not_discussed,0,[]
1120,alleged,alleged,not_discussed,not_discussed,1,"[""investment \ncontracts and damages."",""investment contract with payment \ninstructions."",""investment contracts and the \nreturn of their money.""]"
1121,not_discussed,not_discussed,not_discussed,not_discussed,0,[]
1122,alleged,alleged,alleged,alleged,1,"[""investment  contract:  “an  investment  of  money  in  a  common  \nenterprise with profits to come solely from the efforts of others."",""investment  of  money  in  a  common  \nenterprise with profits to come solely from the efforts of others."",""common  \nenterprise with profits to come solely from the efforts of others."",""common enterprise \nwith a reasonable expectation of profits.""]"
1123,not_discussed,not_discussed,not_discussed,not_discussed,0,[]
1124,not_discussed,not_discussed,not_discussed,not_discussed,0,[]
1125,not_discussed,not_discussed,not_discussed,not_discussed,0,[]
1126,not_discussed,not_discussed,not_discussed,not_discussed,0,[]
1127,not_discussed,not_discussed,not_discussed,not_discussed,0,[]
1128,not_discussed,not_discussed,not_discussed,not_discussed,0,[]
1129,not_satisfied,alleged,alleged,alleged,1,"[""Howey case and subsequent case law have found that an \n“investment contract” exists when there is the investment of money in a common enterprise with \na reasonable expectation of profits to be derived from the efforts of others."",""Howey test” applies to any contract, scheme, or transaction, regardless of whether it has any of \nthe characteristics of typical securities."",""Howey analysis is not only on the form \nand terms of the instrument itself (in this case, the digital asset) but also on the circumstances \nsurrounding the digital asset and the manner in which it is offered, sold, or resold (which \nincludes secondary market sales)."",""Howey to Digital Assets \nIn this guidance, we provide a framework for analyzing whether a digital asset is an \ninvestment contract and whether offers and sales of a digital asset are securities transactions."",""Howey test, an “investment contract” exists when there is the investment \nof money in a common enterprise with a reasonable expectation of profits to be derived from the \nefforts of others."",""Howey test depends on the specific facts and circumstances."",""Howey test below."",""Howey test is typically satisfied in an offer and sale of a digital \nasset because the digital asset is purchased or otherwise acquired in exchange for value, whether \nin the form of real (or fiat) currency, another digital asset, or other type of consideration.""]"
1130,not_discussed,not_discussed,not_discussed,not_discussed,0,[]
1131,not_discussed,alleged,not_discussed,not_discussed,1,[]
1132,not_discussed,not_discussed,not_discussed,not_discussed,0,[]
1133,not_discussed,not_discussed,not_discussed,not_discussed,0,[]
1134,not_discussed,not_discussed,not_discussed,not_discussed,0,[]
1135,not_discussed,not_discussed,not_discussed,alleged,1,"[""Howeyand its progeny,\nincludingUnitedHousingFound,\nInc."",""investment\ncontract\""*test articulated by the Supreme Court inSECv."",""investment contract \""is the presenceofan investment in a common venture premised on a\nreasonable expectationofprofits to be derived from the entrepreneurial or managerial effortsof\nothers."",""investment contract\"" depends on the\napplicationofHoweyand its progeny to the particular facts and circumstancesofthe digital asset\ntransaction."",""investment contract, but that designation may change over time if the digital asset later is offered\nand sold in such a way that it will no longer meet thatdefinition."",""investment contract if,\nforexample,purchaserswould no longer reasonably expect a person or group to carry out the\nessentialmanagerialorentrepreneurialefforts.""]"
1136,not_discussed,not_discussed,not_discussed,not_discussed,0,[]
1137,not_discussed,not_discussed,not_discussed,not_discussed,0,[]
1138,not_discussed,not_discussed,not_discussed,not_discussed,0,[]
1139,not_discussed,not_discussed,not_discussed,not_discussed,0,[]
1140,not_discussed,alleged,alleged,alleged,1,"[""Expectation of Profits from the Efforts of Gladius and its Agents\n\n20.""]"
1141,not_discussed,not_discussed,not_discussed,not_discussed,0,[]
1142,not_discussed,not_discussed,not_discussed,not_discussed,0,[]
1143,not_discussed,not_discussed,alleged,not_discussed,1,"[""investment contract versus the \nentity to which he was wiring his investment funds; (2) the legality of the sale of MCash Tokens \nin the United States without being registered with the SEC; (3) the availability of a legal market \nfor MCash Tokens in the United States; and (4) the investment’s one-year lockup period.""]"
1144,not_discussed,not_discussed,not_discussed,not_discussed,0,[]
1145,not_discussed,not_discussed,not_discussed,not_discussed,0,[]
1146,not_discussed,not_discussed,not_discussed,not_discussed,0,[]
1147,not_discussed,not_discussed,not_discussed,not_discussed,0,[]
1148,not_discussed,not_discussed,not_discussed,not_discussed,0,[]
1149,satisfied,alleged,alleged,alleged,1,"[""Howey,  a  contract,  transaction,  or  scheme  is  an \n“investment  contract”  if  it  involves:  (i)  the  investment  of  money;  (ii)  in  a  common  enterprise;  (iii) \nwith the expectation of profits to come solely from the efforts of others."",""Howey test is not the only test for determining a security but has \nbeen  held  to  embody  “all  the  attributes  that  run  through  all  of  the  Court’s  decisions  defining  a \nsecurity”)."",""investment \ncontract  security  because, inter  alia,  Defendants  touted,  and  Plaintiff  and XRB  purchasers  were \nconditioned to expect, and did reasonably expect, that XRB Tokens received would increase in value \nand become worth more than the fiat or digital currencies invested."",""Investment Contract Securities  \n121."",""investment \ncontract,” or “instrument commonly known as a ‘security."",""investment  contract”  if  it  involves:  (i)  the  investment  of  money;  (ii)  in  a  common  enterprise;  (iii) \nwith the expectation of profits to come solely from the efforts of others."",""investment  contracts  and  that \nany success from Defendants’ development, maintenance, and expansion of the functionality of XRB \n-- as  well  as  any  future  potential  increases to  the  value  of  XRB -- were  entirely  dependent  on \nDefendants’ actions."",""investment  contracts  without  registering \nthem with the necessary governmental authorities or obtain from those authorities an exemption from \nhaving to register the XRB.""]"
1150,not_discussed,not_discussed,not_discussed,not_discussed,0,[]
1151,not_discussed,not_discussed,not_discussed,not_discussed,0,[]
1152,not_discussed,not_discussed,not_discussed,not_discussed,0,[]
1153,not_discussed,not_discussed,not_discussed,not_discussed,0,[]
1154,not_discussed,not_discussed,not_discussed,not_discussed,0,[]
1155,not_discussed,not_discussed,not_discussed,not_discussed,1,"[""investment contract, and hence\na sale of securities, under the definition of securities set forth by Section 2(a)(1) of the Exchange\nAct.""]"
1156,not_discussed,not_discussed,not_discussed,not_discussed,0,[]
1157,not_discussed,alleged,not_discussed,not_discussed,1,[]
1158,not_discussed,not_discussed,not_discussed,not_discussed,0,[]
1159,not_discussed,not_discussed,not_discussed,not_discussed,0,[]
1160,not_discussed,not_discussed,not_discussed,not_discussed,0,[]
1161,not_discussed,not_discussed,not_discussed,not_discussed,1,"[""investment contracts and \ntherefore securities pursuant to Section 2(a)(1) of the Securities Act.""]"
1162,not_discussed,not_discussed,not_discussed,not_discussed,1,"[""investment contracts and \ntherefore securities pursuant to Section 2(a)(1) of the Securities Act."",""investment contracts, which are securities.""]"
1163,not_discussed,not_discussed,not_discussed,not_discussed,0,[]
1164,not_discussed,not_discussed,not_discussed,not_discussed,0,[]
1165,not_discussed,not_discussed,not_discussed,not_discussed,0,[]
1166,not_discussed,not_discussed,not_discussed,not_discussed,0,[]
1168,alleged,not_discussed,not_discussed,not_discussed,1,"[""Howey Met Gary (Plastic) (June 14, 2018), available\nat https://www."",""investment contracts (regardless of the terminology or\ntechnology used in the transaction) are securities.""]"
1169,alleged,alleged,satisfied,alleged,1,"[""investment contract is an investment of money in a common\nenterprise with a reasonable expectation of profits to be derived from the entrepreneurial or\nmanagerial efforts of others."",""investment contract “is the presence of an investment in a\ncommon venture premised on a reasonable expectation of profits to be derived from the\nentrepreneurial or managerial efforts of others."",""investment of money in a common\nenterprise with a reasonable expectation of profits to be derived from the entrepreneurial or\nmanagerial efforts of others."",""common\nenterprise with a reasonable expectation of profits to be derived from the entrepreneurial or\nmanagerial efforts of others."",""expectation of profits to be derived from the entrepreneurial or\nmanagerial efforts of others."",""expectation of profits to be derived from the\nentrepreneurial or managerial efforts of others."",""expectation of profits from their investment\nin the Paragon enterprise.""]"
1170,alleged,alleged,satisfied,alleged,1,"[""investment contract is an investment of money in a common\nenterprise with a reasonable expectation of profits to be derived from the entrepreneurial or\nmanagerial efforts of others."",""investment contract “is the presence of an investment in a\ncommon venture premised on a reasonable expectation of profits to be derived from the\nentrepreneurial or managerial efforts of others."",""investment of money in a common\nenterprise with a reasonable expectation of profits to be derived from the entrepreneurial or\nmanagerial efforts of others."",""common\nenterprise with a reasonable expectation of profits to be derived from the entrepreneurial or\nmanagerial efforts of others."",""expectation of profits to be derived from the entrepreneurial or\nmanagerial efforts of others."",""expectation of profits to be derived from the\nentrepreneurial or managerial efforts of others."",""expectation of profits from their\ninvestment in the AirFox enterprise."",""efforts of others—specifically AirFox and its agents— who were to create the\necosystem that would increase the value of AirTokens, and facilitate secondary market trading.""]"
1171,not_discussed,not_discussed,not_discussed,not_discussed,0,[]
1172,alleged,not_discussed,alleged,alleged,1,"[""expectation of profits, including through the increased value of their \ninvestments in secondary trading, based on the managerial efforts of others.""]"
1173,not_discussed,not_discussed,not_discussed,not_discussed,0,[]
1174,not_discussed,not_discussed,not_discussed,not_discussed,0,[]
1175,not_discussed,not_discussed,not_discussed,not_discussed,0,[]
1176,not_discussed,not_discussed,not_discussed,not_discussed,0,[]
1177,not_discussed,not_discussed,not_discussed,not_discussed,0,[]
1178,not_discussed,not_discussed,not_discussed,not_discussed,0,[]
1179,not_discussed,not_discussed,not_discussed,not_discussed,0,[]
1180,not_discussed,not_discussed,not_discussed,not_discussed,0,[]
1181,alleged,alleged,alleged,alleged,1,"[""Howey test: (a) in order to receive any \nFLiK Tokens, an investment of money was required; (b) the investment of money \nwas made into the common enterprise that is FLiK; (c) the success of the investment \n\n- 10 - \n \nand  any  potential  returns  on  such  were  entirely  reliant  on  Defendants’  ability  to \ncreate the promised FLiK."",""Howey test: (a) in order to receive any \n\n- 29 - \n \nFLiK Tokens, an investment of money was required; (b) the investment of money \nwas made into the common enterprise that is FLiK; (c) the success of the investment \nand  any  potential  returns  on  such  were  entirely  reliant  on  Defendants’  ability  to \ncreate the promised FLiK."",""investment of money was required; (b) the investment of money \nwas made into the common enterprise that is FLiK; (c) the success of the investment \n\n- 10 - \n \nand  any  potential  returns  on  such  were  entirely  reliant  on  Defendants’  ability  to \ncreate the promised FLiK."",""common enterprise that is FLiK; (c) the success of the investment \n\n- 10 - \n \nand  any  potential  returns  on  such  were  entirely  reliant  on  Defendants’  ability  to \ncreate the promised FLiK."",""common enterprise that is FLiK; (c) the success of the investment \nand  any  potential  returns  on  such  were  entirely  reliant  on  Defendants’  ability  to \ncreate the promised FLiK."",""efforts  of  others  to  affect  the  failure  or  success  of  the \nenterprise.""]"
1182,not_discussed,not_discussed,not_discussed,not_discussed,0,[]
1183,not_discussed,not_discussed,not_discussed,not_discussed,0,[]
1184,not_discussed,not_discussed,not_discussed,not_discussed,0,[]
1185,not_discussed,not_discussed,not_discussed,not_discussed,0,[]
1186,not_discussed,not_discussed,not_discussed,not_discussed,0,[]
1187,not_discussed,not_discussed,not_discussed,not_discussed,0,[]
1188,not_discussed,not_discussed,not_discussed,not_discussed,0,[]
1189,not_discussed,not_discussed,not_discussed,not_discussed,0,[]
1190,not_discussed,not_discussed,not_discussed,not_discussed,0,[]
1191,not_discussed,not_discussed,not_discussed,not_discussed,0,[]
1192,not_discussed,not_discussed,not_discussed,not_discussed,0,[]
1193,not_discussed,not_discussed,not_discussed,not_discussed,0,[]
1194,not_discussed,not_discussed,not_discussed,not_discussed,0,[]
1195,not_discussed,alleged,alleged,alleged,1,"[""investment contract under\nthe Colorado Securities Act means “a contract, transaction or scheme\nwhereby a person invests his money in a common enterprise and is led to\nexpect profits solely from the efforts of the promoter or a third party."",""investment contract as set forth in SEC\nvu."",""common enterprise and is led to\nexpect profits solely from the efforts of the promoter or a third party."",""efforts of the promoter or a third party.""]"
1196,not_discussed,not_discussed,not_discussed,not_discussed,0,[]
1197,not_discussed,not_discussed,not_discussed,not_discussed,0,[]
1198,not_discussed,not_discussed,not_discussed,not_discussed,0,[]
1199,not_discussed,not_discussed,not_discussed,not_discussed,0,[]
1200,not_discussed,not_discussed,not_discussed,not_discussed,0,[]
1201,alleged,not_discussed,alleged,not_discussed,1,"[""investment contract and therefore was a security, and to reiterate the fundamental principle that the federal securities laws apply – including those relating to offers, sales, and trading – regardless of whether the security is certificated or issued on a blockchain.""]"
1202,not_discussed,not_discussed,not_discussed,not_discussed,0,[]
1203,not_discussed,not_discussed,not_discussed,not_discussed,0,[]
1204,not_discussed,not_discussed,not_discussed,not_discussed,0,[]
1205,not_discussed,not_discussed,not_discussed,not_discussed,0,[]
1206,not_discussed,not_discussed,not_discussed,not_discussed,0,[]
1207,not_discussed,not_discussed,not_discussed,not_discussed,0,[]
1208,not_discussed,not_discussed,not_discussed,not_discussed,0,[]
1209,not_discussed,not_discussed,not_discussed,not_discussed,0,[]
1210,not_discussed,not_discussed,not_discussed,not_discussed,0,[]
1211,not_discussed,not_discussed,not_discussed,not_discussed,0,[]
1212,not_discussed,not_discussed,not_discussed,not_discussed,0,[]
1213,not_discussed,not_discussed,not_discussed,not_discussed,0,[]
1214,not_discussed,not_discussed,not_discussed,not_discussed,0,[]
1215,not_discussed,not_discussed,not_discussed,not_discussed,0,[]
1216,not_discussed,not_discussed,not_discussed,not_discussed,0,[]
1217,alleged,alleged,alleged,alleged,1,"[""investment contract under\nthe Colorado Securities Act means “a contract, transaction or scheme\nwhereby a person invests his money in a common enterprise and is led to\nexpect profits solely from the efforts of the promoter or a third party."",""investment contract as set forth in SEC\nvu."",""common enterprise and is led to\nexpect profits solely from the efforts of the promoter or a third party."",""efforts of the promoter or a third party.""]"
1218,alleged,alleged,alleged,alleged,1,"[""investment contract under\nthe Colorado Securities Act means “a contract, transaction or scheme\nwhereby a person invests his money in a common enterprise and is led to\nexpect profits solely from the efforts of the promoter or a third party."",""investment contract as set forth in SEC\nu."",""common enterprise and is led to\nexpect profits solely from the efforts of the promoter or a third party."",""efforts of the promoter or a third party.""]"
1219,not_discussed,not_discussed,not_discussed,not_discussed,0,[]
1220,not_discussed,not_discussed,not_discussed,not_discussed,0,[]
1221,not_discussed,not_discussed,not_discussed,not_discussed,0,[]
1222,not_discussed,not_discussed,not_discussed,not_discussed,0,[]
1223,not_discussed,not_discussed,not_discussed,not_discussed,0,[]
1224,not_discussed,not_discussed,not_discussed,not_discussed,0,[]
1225,not_discussed,not_discussed,not_discussed,not_discussed,0,[]
1226,not_discussed,not_discussed,not_discussed,not_discussed,0,[]
1227,alleged,alleged,alleged,alleged,1,"[""investment contracts under SEC v."",""investment \ncontract is an investment of money in a common enterprise with a reasonable expectation of profits \nto be derived from the entrepreneurial or managerial efforts of others."",""investment of money in a common enterprise with a reasonable expectation of profits \nto be derived from the entrepreneurial or managerial efforts of others."",""investment of money or other contributions of value, including \nother digital assets."",""common enterprise with a reasonable expectation of profits \nto be derived from the entrepreneurial or managerial efforts of others."",""expectation of profits \nto be derived from the entrepreneurial or managerial efforts of others."",""expectation of \nprofits derived from the efforts of others, namely from the oil exploration and production \noperations conducted by Tomahawk and Laurance and from the opportunity to trade TOM on a \nsecondary trading platform."",""efforts of others, namely from the oil exploration and production \noperations conducted by Tomahawk and Laurance and from the opportunity to trade TOM on a \nsecondary trading platform.""]"
1228,alleged,alleged,alleged,alleged,1,"[""common  enterprise:  the  development  of  the  UnikoinGold  \nblockchain  project."",""expectation of profits, as described below."",""expectation  of  profit  when  \nused  within  a  community-driven  virtual  economy."",""expectation  of  profit  in  the  UKG  Token.""]"
1229,not_discussed,alleged,alleged,alleged,1,"[""investment contract under\nthe Colorado Securities Act means “a contract, transaction or scheme\nwhereby a person invests his money in a common enterprise and is led to\nexpect profits solely from the efforts of the promoter or a third party."",""investment contract as set forth in SEC\nv."",""common enterprise and is led to\nexpect profits solely from the efforts of the promoter or a third party."",""efforts of the promoter or a third party.""]"
1230,not_discussed,alleged,alleged,alleged,1,"[""investment contract under\nthe Colorado Securities Act means “a contract, transaction or scheme\nwhereby a person invests his money in a common enterprise and is led to\nexpect profits solely from the efforts of the promoter or a third party."",""investment contract as set forth in SEC\nv."",""common enterprise and is led to\nexpect profits solely from the efforts of the promoter or a third party."",""efforts of the promoter or a third party.""]"
1231,not_discussed,not_discussed,not_discussed,not_discussed,0,[]
1232,not_discussed,not_discussed,not_discussed,not_discussed,0,[]
1233,alleged,alleged,alleged,alleged,1,"[""investment \ncontract \nas \nXRP \npurchasers, \nincluding \nPlaintiff, \nprovided \nconsideration \n(in \nthe form of \nflat, \ni."",""investment \ncontract \nis \n“an \ninvestment \nof \nmoney \nin a \ncommon \nenterprise \nwith profits to \ncome \nsolely \nfrom the efforts of \nothers."",""investment \ncontract \nand, \nthus, \na \nsecurity \nif it \nis: \n(1) \nan \ninvestment; \n(2) \nin \na \ncommon \nenterprise; \n(3) \nwith\na \n43 \n@Warren \nPaul \nAnderson, \nhttps://twitter."",""investment \nof \nmoney \nin a \ncommon \nenterprise \nwith profits to \ncome \nsolely \nfrom the efforts of \nothers."",""common \nenterprise \nand \npurchasers \nreasonably \nexpected \nto \nderive \nprofits \nfrom \ntheir ownership of XRP."",""common \nenterprise \nwith profits to \ncome \nsolely \nfrom the efforts of \nothers."",""common \nenterprise; \n(3) \nwith\na \n43 \n@Warren \nPaul \nAnderson, \nhttps://twitter."",""common \nenterprise \nwith \na reasonable \nexpectation \nof \nprofits \nwhen \nthey \ninvested \nin \nXRP.""]"
1234,not_discussed,not_discussed,not_discussed,not_discussed,0,[]
1235,alleged,alleged,alleged,not_discussed,1,"[""investment   contract,   a   form   of   security."",""investment contracts and are therefore subject to federal \nsecurities laws, including the registration requirements promulgated thereunder."",""common  enterprise  that  is  CLOUT  and  the  potential \nfurther CLOUT product lines, including but not limited to daughter tokens, CLC; (c) the success \nof the investment and any potential returns on such was entirely reliant on Defendants’ ability to \ncreate the promised crypto-currency product line.""]"
1236,not_discussed,not_discussed,not_discussed,not_discussed,0,[]
1237,not_discussed,not_discussed,not_discussed,not_discussed,0,[]
1238,not_discussed,not_discussed,not_discussed,not_discussed,0,[]
1239,not_discussed,not_discussed,not_discussed,not_discussed,0,[]
1240,not_discussed,not_discussed,not_discussed,not_discussed,0,[]
1241,not_discussed,not_discussed,not_discussed,not_discussed,1,"[""investment\tcontract”\tunder\tSection\t2(a)(1)\tof\t\nthe\tSecurities\tAct\tof\t1933\tor\tunder\tSection\t3(a)\n(10)\tof\tthe\tSecurities\tExchange\tAct\tof\t1934\tare\t\n“securities”\tgoverned\tby\tthe\tfederal\tsecurities\t\nlaws\tand\tFINRA\trules,\tirrespective\tof\twhether\tor\t\nnot\tthey\tare\tlabeled\tas\t“securities.""]"
1242,not_discussed,not_discussed,not_discussed,not_discussed,0,[]
1243,not_discussed,not_discussed,not_discussed,not_discussed,0,[]
1244,not_discussed,not_discussed,not_discussed,not_discussed,0,[]
1245,not_discussed,not_discussed,not_discussed,not_discussed,0,[]
1246,not_discussed,not_discussed,not_discussed,not_discussed,0,[]
1247,alleged,alleged,alleged,alleged,1,"[""Investment Contract” Securities  \n57."",""investment  of  money  in  an  “investment \ncontract."",""common enterprise (Cloud \nand the expected “Crowd Cloud”); and (iii) with the expectation of receiving CLD Tokens which \nwould increase in value and produce substantial returns."",""common enterprise that is Cloud and \nthe Crowd Cloud project.""]"
1248,alleged,alleged,alleged,not_satisfied,1,"[""Howey Met Gary (Plastic)  Remarks at the Yahoo Finance All Markets Summit: Crypto\n\nThank you Andy."",""Howey-in-the-Hills Service, Inc."",""Howey case, tokens and coins are often touted as assets that have a use in their own right, coupled with a promise that the assets will be cultivated in a way that will cause them to grow in value, to be sold later at a profit."",""Howey – where interests in the groves were sold to hotel guests, not farmers – tokens and coins typically are sold to a wide audience rather than to persons who are likely to use them on the network."",""Howey, the investors are passive."",""Howey investment contract element about the efforts of others."",""Howey had utility."",""Howey was not selling oranges and the warehouse receipts promoters were not selling whisky for consumption.""]"
1249,not_discussed,not_discussed,not_discussed,not_discussed,0,[]
1250,alleged,alleged,alleged,alleged,1,"[""investment contract” as a contract, transaction, or scheme whereby a person invests\nhis or her money in a common enterprise and is led to expect profits solely from the\nefforts of the promoter or a third party."",""common enterprise and is led to expect profits solely from the\nefforts of the promoter or a third party."",""common enterprise” of establishing the Latium tasking platform, where\nLATX tokens would be the established and sole currency."",""efforts of the promoter or a third party.""]"
1251,not_discussed,not_discussed,not_discussed,not_discussed,0,[]
1252,not_discussed,not_discussed,not_discussed,not_discussed,0,[]
1253,not_discussed,not_discussed,not_discussed,not_discussed,0,[]
1254,not_discussed,not_discussed,not_discussed,not_discussed,0,[]
1255,not_discussed,alleged,not_discussed,not_discussed,1,[]
1256,not_discussed,not_discussed,not_discussed,not_discussed,0,[]
1257,alleged,alleged,alleged,not_discussed,1,"[""investment\ncontracts\nconstitute\nsecurities,\nand\nan\ninvestment\ncontract\nincludes\nan\ninvestment\nof\nmoney\nin\na\ncommon\nenterprise\nwith\nthe\nexpectation\nof\nprofits\nto\nbe\nderived\nprimarily\nfrom\nthe\nefforts\nof\na\nperson\nother\nthan\nthe\ninvestor."",""investment\nof\nmoney\nin\na\ncommon\nenterprise\nwith\nthe\nexpectation\nof\nprofits\nto\nbe\nderived\nprimarily\nfrom\nthe\nefforts\nof\na\nperson\nother\nthan\nthe\ninvestor."",""common\nenterprise\nwith\nthe\nexpectation\nof\nprofits\nto\nbe\nderived\nprimarily\nfrom\nthe\nefforts\nof\na\nperson\nother\nthan\nthe\ninvestor."",""expectation\nof\nprofits\nto\nbe\nderived\nprimarily\nfrom\nthe\nefforts\nof\na\nperson\nother\nthan\nthe\ninvestor.""]"
1258,not_discussed,not_discussed,not_discussed,not_discussed,1,"[""investment contract and \na solicitation for an investor’s offer to purchase an investment contract from Respondent.""]"
1259,not_discussed,not_discussed,not_discussed,not_discussed,0,[]
1260,not_discussed,not_discussed,not_discussed,not_discussed,0,[]
1261,not_discussed,not_discussed,not_discussed,not_discussed,0,[]
1262,not_discussed,not_discussed,not_discussed,not_discussed,1,"[""investment contract and therefore was a security, and to reiterate the fundamental principal that the federal securities laws apply—including to those relating to offers, sales, and trading—regardless of whether the security is certificated or issued on a blockchain.""]"
1263,not_discussed,not_discussed,not_discussed,not_discussed,0,[]
1264,not_discussed,not_discussed,not_discussed,not_discussed,0,[]
1265,not_discussed,not_discussed,not_discussed,not_discussed,1,"[""Howey Coins  If you respond to an investment offer like the one shown above, you could get scammed – HoweyCoins are completely fake!\n\nThe SEC’s Office of Investor Education has seen fraudsters pretending to be involved in blockchain technology, initial coin offerings, and cryptocurrencies – when really they are simply operating scams designed to take investors’ hard-earned money."",""HoweyCoins” as an educational tool to alert investors to possible fraud."",""HoweyCoins is the newest and only coin offering that captures the magic of coin trading profits AND the excitement and guaranteed returns."",""HoweyCoins attractive for long-term investment."",""HoweyCoins can serve as a GUARANTEED hedge against inflation and market loss."",""HoweyCoins – this thing is going to pop at the top!” @boxingchamp1934 (John “Champ” Smith, boxer)."",""HoweyCoins will trade on an SEC-compliant exchange where you can buy and sell them for profit."",""HoweyCoins with any major credit card.""]"
1266,not_discussed,not_discussed,not_discussed,not_discussed,0,[]
1267,not_discussed,not_discussed,not_discussed,not_discussed,0,[]
1268,not_discussed,not_discussed,not_discussed,not_discussed,0,[]
1269,not_discussed,not_discussed,not_discussed,not_discussed,0,[]
1270,not_discussed,not_discussed,not_discussed,not_discussed,0,[]
1271,alleged,alleged,alleged,alleged,1,"[""Investment of Money in a Common \nEnterprise ."",""Investment of Money in A Common Enterprise \n100."",""common  enterprise,  with  an  \nexpectation of profits, solely from the efforts of Defendants."",""expectation of profit, and publicly touted XRP’s price performance on numerous occasions."",""expectation of profits, solely from the efforts of Defendants.""]"
1272,not_discussed,alleged,alleged,alleged,1,"[""investment contract means “a contract, transaction or\nscheme whereby a person invests his money in a common enterprise and is\nled to expect profits solely from the efforts of the promoter or a third party”\n(adopting the definition set forth in SEC v, W."",""common enterprise and is\nled to expect profits solely from the efforts of the promoter or a third party”\n(adopting the definition set forth in SEC v, W."",""efforts of the promoter or a third party”\n(adopting the definition set forth in SEC v, W.""]"
1273,not_discussed,not_discussed,not_discussed,not_discussed,0,[]
1274,not_discussed,alleged,alleged,alleged,1,"[""investment contract means “a contract, transaction or\nscheme whereby a person invests his money in a common enterprise and is\nled to expect profits solely from the efforts of the promoter or a third party”\n(adopting the definition set forth in SEC v."",""common enterprise and is\nled to expect profits solely from the efforts of the promoter or a third party”\n(adopting the definition set forth in SEC v."",""efforts of the promoter or a third party”\n(adopting the definition set forth in SEC v.""]"
1275,not_discussed,not_discussed,not_discussed,not_discussed,0,[]
1276,not_discussed,not_discussed,not_discussed,not_discussed,0,[]
1277,not_discussed,not_discussed,not_discussed,not_discussed,0,[]
1278,alleged,alleged,alleged,alleged,1,"[""investment contract” is a contract, transaction or |\nscheme “whereby a person invests his money in a common enterprise\nand is led to expect profits solely from the efforts of the |\npromoter or a third party."",""investment of money in a common enterprise with profits to come\nsolely from the efforts of others."",""common enterprise\nand is led to expect profits solely from the efforts of the |\npromoter or a third party."",""common enterprise with profits to come\nsolely from the efforts of others.""]"
1279,not_discussed,not_discussed,not_discussed,not_discussed,0,[]
1280,not_discussed,not_discussed,not_discussed,not_discussed,0,[]
1281,not_discussed,not_discussed,not_discussed,not_discussed,0,[]
1282,not_discussed,not_discussed,not_discussed,not_discussed,0,[]
1283,not_discussed,not_discussed,not_discussed,not_discussed,0,[]
1284,not_discussed,not_discussed,not_discussed,not_discussed,0,[]
1285,not_discussed,not_discussed,not_discussed,not_discussed,0,[]
1286,not_discussed,not_discussed,not_discussed,not_discussed,0,[]
1287,satisfied,alleged,alleged,alleged,1,"[""Howey,  a  contract,  transaction,  or  scheme  is  an  \n“investment contract” if it involves: (i) the investment of money; (ii) in a common enterprise; (iii) with \nthe expectation of profits to come solely from the efforts of others."",""Howey test is not the only test for determining a security but has been held \nto embody “all the attributes that run through all of the Court’s decisions defining a security”)."",""Investment Contract Securities  \nthat Were Never Registered or Exempted From Registration With Regulatory Authorities \n55."",""investment \ncontract,” or “instrument commonly known as a ‘security."",""investment contract” if it involves: (i) the investment of money; (ii) in a common enterprise; (iii) with \nthe expectation of profits to come solely from the efforts of others."",""investment contracts and that \nany success from Defendants’ development, maintenance, and expansion of the functionality of XRB \n--   as  well  as  any  future  potential  increases  to  the  value  of  XRB  --   were  entirely  dependent  on  \nDefendants’ actions."",""investment contracts without registering \nthem with the necessary governmental authorities or obtain from those authorities an exemption from \nhaving to register the XRB."",""investment of money; (ii) in a common enterprise; (iii) with \nthe expectation of profits to come solely from the efforts of others.""]"
1288,not_discussed,not_discussed,not_discussed,not_discussed,0,[]
1289,not_discussed,not_discussed,not_discussed,not_discussed,0,[]
1290,not_discussed,alleged,not_discussed,not_discussed,1,"[""investment contract and, therefore, a “security” as that term is defined under Securities Act \nSection 2(a)(1) [15 U.""]"
1291,not_discussed,not_discussed,not_discussed,not_discussed,0,[]
1292,not_discussed,not_discussed,not_discussed,not_discussed,0,[]
1293,not_discussed,not_discussed,not_discussed,not_discussed,0,[]
1294,not_discussed,not_discussed,not_discussed,not_discussed,0,[]
1295,not_discussed,alleged,alleged,alleged,1,"[""Investment Contract, as used in Section 401(k) of the Act, includes:\n(1) any investment in a common enterprise with the expectation of\nprofit to be derived through the essential managerial efforts of\nsomeone other than the investor."",""common enterprise with the expectation of\nprofit to be derived through the essential managerial efforts of\nsomeone other than the investor."",""expectation of\nprofit to be derived through the essential managerial efforts of\nsomeone other than the investor.""]"
1296,not_discussed,alleged,alleged,alleged,1,"[""Investment Contract, as used in Section 401(k) of the Act, includes: |\n(1) any investment in a common enterprise with the expectation of\nprofit to be derived through the essential managerial efforts of |\nsomeone other than the investor."",""common enterprise with the expectation of\nprofit to be derived through the essential managerial efforts of |\nsomeone other than the investor."",""expectation of\nprofit to be derived through the essential managerial efforts of |\nsomeone other than the investor.""]"
1297,not_discussed,alleged,alleged,alleged,1,"[""Investment Contract, as used in Section 401(k) of the Act, includes: |\n(1) any investment in a common enterprise with the expectation of |\nprofit to be derived through the essential managerial efforts of |\nsomeone other than the investor."",""common enterprise with the expectation of |\nprofit to be derived through the essential managerial efforts of |\nsomeone other than the investor."",""expectation of profits from |\nthe efforts of Across Platforms,\n\n20.""]"
1298,alleged,alleged,alleged,alleged,1,"[""Investment Contract, as used in Section 401(k) of the Act, includes: |\n(1) any investment in a common enterprise with the expectation of |\nprofit to be derived through the essential managerial efforts of\nsomeone other than the investor."",""common enterprise with the expectation of |\nprofit to be derived through the essential managerial efforts of\nsomeone other than the investor."",""expectation of profits from the efforts of Mattervest.""]"
1299,not_discussed,not_discussed,not_discussed,not_discussed,0,[]
1300,not_discussed,not_discussed,not_discussed,not_discussed,0,[]
1301,not_discussed,not_discussed,not_discussed,not_discussed,0,[]
1302,alleged,alleged,alleged,alleged,1,"[""investment contracts and are therefore \nsubject to federal securities laws, including the registration requirements \npromulgated thereunder."",""investment \ncontract and is therefore subject to federal and state securities laws, including the \nregistration requirements promulgated thereunder."",""common enterprise and with an expectation that their investments would increase \nin value and produce for them a substantial return − all pivotal occurrences that \nwould be derived solely from the efforts of others, namely Defendants."",""efforts of others, namely Defendants."",""efforts  of  others  continue  to  contain  the  hallmarks  of  a  \nsecurity  under  U."",""efforts of others to affect the failure or success of the \nenterprise.""]"
1303,not_discussed,not_discussed,not_discussed,not_discussed,0,[]
1304,not_discussed,not_discussed,not_discussed,not_discussed,0,[]
1305,alleged,alleged,alleged,not_discussed,1,"[""investment contracts constitute securities,\nand an investment contract includes an investment of money in a common enterprise with\nthe expectation of profits to be derived primarily from the efforts of a person other than\nthe investor."",""investment\ncontracts and are thus securities as defined by the Act."",""investment of money in a common enterprise with\nthe expectation of profits to be derived primarily from the efforts of a person other than\nthe investor."",""common enterprise with\nthe expectation of profits to be derived primarily from the efforts of a person other than\nthe investor."",""expectation of profits to be derived primarily from the efforts of a person other than\nthe investor.""]"
1306,not_discussed,not_discussed,not_discussed,not_discussed,0,[]
1307,not_discussed,not_discussed,not_discussed,not_discussed,0,[]
1308,not_discussed,not_discussed,not_discussed,not_discussed,0,[]
1309,not_discussed,not_discussed,not_discussed,not_discussed,0,[]
1310,not_discussed,not_discussed,not_discussed,not_discussed,0,[]
1311,not_discussed,alleged,not_discussed,not_discussed,1,[]
1312,not_discussed,not_discussed,not_discussed,not_discussed,0,[]
1313,not_discussed,not_discussed,not_discussed,not_discussed,0,[]
1315,not_discussed,not_discussed,not_discussed,not_discussed,0,[]
1316,not_discussed,not_discussed,not_discussed,not_discussed,0,[]
1317,not_discussed,not_discussed,not_discussed,not_discussed,0,[]
1319,not_discussed,not_discussed,not_discussed,not_discussed,0,[]
1320,not_discussed,not_discussed,not_discussed,not_discussed,0,[]
1322,not_discussed,not_discussed,not_discussed,not_discussed,0,[]
1323,not_discussed,not_discussed,not_discussed,not_discussed,0,[]
1324,not_discussed,not_discussed,not_discussed,not_discussed,0,[]
1325,not_discussed,not_discussed,not_discussed,not_discussed,0,[]
1326,alleged,alleged,alleged,alleged,1,"[""investment  contracts,  and  thus  “securities”  under  15 \nU.""]"
1327,not_discussed,not_discussed,not_discussed,not_discussed,0,[]
1328,alleged,alleged,alleged,alleged,1,"[""Howey’s reference to an ‘investment of money,’ it is \nwell established that cash is not the only form of contribution or investment that will create an \ninvestment contract."",""Howey); Uselton, 940 F."",""investment contract is an investment of \nmoney in a common enterprise with a reasonable expectation of profits to be derived from the entrepreneurial or \n \n\n2 \n \nfalls within the ambit of a securities offer and sale is a facts-and-circumstances analysis, utilizing \na principles-based framework that has served American companies and American investors well \nthrough periods of innovation and change for over 80 years."",""investment contracts,’ or as ‘any interest or instrument \ncommonly known as a ‘security’."",""investment contract and therefore was a security under our federal securities\nlaws."",""investment contract \nis an investment of money in a common enterprise with a reasonable expectation of profits to be \nderived from the entrepreneurial or managerial efforts of others."",""investment \ncontract “is the presence of an investment in a common venture premised on a reasonable \nexpectation of profits to be derived from the entrepreneurial or managerial efforts of others."",""investment contract exists, the investment of “money” need \nnot take the form of cash.""]"
1329,not_discussed,not_discussed,not_discussed,not_discussed,0,[]
1330,not_discussed,not_discussed,not_discussed,not_discussed,0,[]
1331,not_discussed,not_discussed,not_discussed,not_discussed,0,[]
1332,satisfied,alleged,not_discussed,not_discussed,1,"[""investment of money in an “investment contract."",""investment \nof money for the purposes of determining whether an investment involved a security."",""common enterprise with Defendants, as the \nParagon ICO investments were pooled under the control of Defendants, and the success of Paragon’s \n“business model”—and  thus  potential  profits  stemming  from  the future  valuation  of  PRG  Tokens—\nwas entirely reliant on Defendants’ actions."",""common  enterprise  that  is \nDefendant Paragon and its potential future “business lines”; and (c) the success of the investment and \nany  potential  returns  on  such  was  entirely  reliant  on  Defendants’  ability  to launch   the \n“PARAGONCOIN platform” and related “business lines.""]"
1333,alleged,alleged,alleged,alleged,1,"[""investment \ncontract with promises by Bitconnect;  \nf."",""investment contracts, subject to \nfederal securities laws, and therefore, Defendants were required to register BCC as such.""]"
1334,not_discussed,not_discussed,not_discussed,not_discussed,0,[]
1335,not_discussed,not_discussed,not_discussed,not_discussed,0,[]
1336,not_discussed,not_discussed,not_discussed,not_discussed,0,[]
1337,not_discussed,not_discussed,not_discussed,not_discussed,0,[]
1338,not_discussed,not_discussed,not_discussed,not_discussed,0,[]
1339,not_discussed,not_discussed,not_discussed,not_discussed,0,[]
1340,not_discussed,not_discussed,not_discussed,not_discussed,0,[]
1341,not_discussed,not_discussed,not_discussed,not_discussed,0,[]
1342,not_discussed,not_discussed,not_discussed,not_discussed,0,[]
1344,not_discussed,not_discussed,not_discussed,not_discussed,0,[]
1345,not_discussed,not_discussed,not_discussed,not_discussed,0,[]
1346,not_discussed,not_discussed,not_discussed,not_discussed,0,[]
1347,not_discussed,not_discussed,not_discussed,not_discussed,0,[]
1348,alleged,alleged,alleged,alleged,1,"[""Investment Contract, as used in Section \n401 (k) of the Act, includes: \n(1) any investment in a  common enterprise with the expectation of \nprofit to be derived through the essential managerial efforts of \nsomeone other than the investor."",""common enterprise with the expectation of \nprofit to be derived through the essential managerial efforts of \nsomeone other than the investor."",""expectation of \nprofit to be derived through the essential managerial efforts of \nsomeone other than the investor.""]"
1349,not_discussed,not_discussed,not_discussed,not_discussed,0,[]
1350,not_discussed,not_discussed,not_discussed,not_discussed,0,[]
1351,not_discussed,not_discussed,not_discussed,not_discussed,0,[]
1352,not_discussed,not_discussed,not_discussed,not_discussed,0,[]
1353,not_discussed,not_discussed,not_discussed,not_discussed,0,[]
1354,not_discussed,not_discussed,not_discussed,not_discussed,0,[]
1355,alleged,alleged,alleged,alleged,1,"[""investment contracts and are therefore subject \nto federal securities laws, including the registration requirements promulgated thereunder."",""investment contract and is \ntherefore  subject  to  federal  and  state  securities  laws,  including  the  registration  requirements \npromulgated thereunder."",""investment contracts and are therefore subject \nto the Florida Blue Sky Laws, including the registration requirements of Fla."",""investment  of  money or  assets by \nPlaintiffs and the Class Members -- specifically, the bitcoin, Ether, and other assets of value transferred \nto Defendants in exchange for the non-functional Coeval and Monkey Coins issued by Defendants."",""common  enterprise  and  with  an \nexpectation that the increased value of their Coeval and to-be-issued Monkey Coins would produce a \nsubstantial return on their investment that would be derived solely from the efforts of others -- namely, \nDefendants."",""efforts of others -- namely, \nDefendants."",""efforts  of  others  to \naffect the failure or success of the enterprise.""]"
1356,not_discussed,not_discussed,not_discussed,not_discussed,0,[]
1357,not_discussed,not_discussed,not_discussed,not_discussed,0,[]
1358,satisfied,alleged,not_discussed,not_discussed,1,"[""investment of money in an investment contract."",""common  enterprise  that  is  Centra  and  the  potential  further  Centra  product  lines;  (c)  the \nsuccess of the investment and any potential returns on such was entirely reliant on Defendants’ \nability to create the promised Centra Debit Card and Centra product line.""]"
1359,alleged,alleged,alleged,alleged,1,"[""investment contract is an investment of money in a common enterprise with a \nreasonable expectation of profits to be derived from the entrepreneurial or managerial efforts of \nothers."",""investment contract “is the presence of an investment in a common venture \npremised on a reasonable expectation of profits to be derived from the entrepreneurial or managerial \nefforts of others."",""investment contract under California Corporations \nCode § 25019."",""investment of money in a common enterprise with a \nreasonable expectation of profits to be derived from the entrepreneurial or managerial efforts of \nothers."",""common enterprise with a \nreasonable expectation of profits to be derived from the entrepreneurial or managerial efforts of \nothers."",""expectation of profits to be derived from the entrepreneurial or \nmanagerial efforts of others."",""expectation of profits to be derived from the entrepreneurial or managerial \nefforts of others (i."",""expectation of profits to be derived from the entrepreneurial or managerial efforts of \nothers.""]"
1360,alleged,alleged,alleged,alleged,1,"[""investment contract and therefore was a security under our federal securities laws."",""investment of money in a common enterprise with a reasonable expectation of profits to be derived from the entrepreneurial or managerial efforts of others."",""common enterprise with a reasonable expectation of profits to be derived from the entrepreneurial or managerial efforts of others."",""expectation of profits to be derived from the entrepreneurial or managerial efforts of others."",""efforts of others continue to contain the hallmarks of a security under U.""]"
1361,alleged,alleged,satisfied,alleged,1,"[""Howey analysis” and that “as currently designed, the sale of MUN utility tokens does not \n                                                 \n1\n  An “initial coin offering” or “ICO” is a recently developed form of fundraising event in \nwhich an entity offers participants a unique digital “coin” or “token” in exchange for consideration \n(most commonly Bitcoin, Ether, or fiat currency)."",""investment contracts” under \nSEC v."",""investment contract,” a purchaser of MUN tokens \nwould have had a reasonable expectation of obtaining a future profit based upon Munchee’s \nefforts, including Munchee revising its app and creating the MUN “ecosystem” using the  proceeds \nfrom the sale of MUN tokens."",""investment contract is an investment of money in a common \nenterprise with a reasonable expectation of profits to be derived from the entrepreneurial or \nmanagerial efforts of others."",""investment contract “is the presence of an investment in a \ncommon venture premised on a reasonable expectation of profits to be derived from the \nentrepreneurial or managerial efforts of others."",""investment contract”); see also SEC v."",""investment of money in a common \nenterprise with a reasonable expectation of profits to be derived from the entrepreneurial or \nmanagerial efforts of others."",""common \nenterprise with a reasonable expectation of profits to be derived from the entrepreneurial or \nmanagerial efforts of others.""]"
1362,not_discussed,not_discussed,not_discussed,not_discussed,0,[]
1363,not_discussed,alleged,not_discussed,not_discussed,1,[]
1364,not_discussed,not_discussed,not_discussed,not_discussed,0,[]
1365,not_discussed,not_discussed,not_discussed,not_discussed,0,[]
1366,satisfied,alleged,not_discussed,not_discussed,1,"[""investment contract” under the \nHowey test."",""investment of money for the purposes of determining whether an investment involved a \nsecurity."",""investment of money was made into the common enterprise that is Tezos and the potential future Tezos \nblockchain; and (c) the success of the investment and any potential returns on such was entirely reliant \non Defendants’ ability to create and launch the Tezos blockchain network, and create the Tezos Tokens."",""common enterprise that is Tezos and the potential future Tezos \nblockchain; and (c) the success of the investment and any potential returns on such was entirely reliant \non Defendants’ ability to create and launch the Tezos blockchain network, and create the Tezos Tokens.""]"
1367,not_discussed,not_discussed,not_discussed,not_discussed,1,[]
1368,not_discussed,alleged,not_discussed,not_discussed,1,[]
1369,not_discussed,not_discussed,not_discussed,not_discussed,0,[]
1370,not_discussed,not_discussed,not_discussed,not_discussed,0,[]
1371,not_discussed,not_discussed,not_discussed,not_discussed,0,[]
1372,not_discussed,not_discussed,not_discussed,not_discussed,0,[]
1373,not_discussed,alleged,not_discussed,not_discussed,1,[]
1374,not_discussed,not_discussed,not_discussed,not_discussed,0,[]
1375,not_discussed,not_discussed,not_discussed,not_discussed,0,[]
1376,not_discussed,not_discussed,not_discussed,not_discussed,0,[]
1377,not_discussed,alleged,not_discussed,not_discussed,1,[]
1378,not_discussed,not_discussed,not_discussed,not_discussed,0,[]
1379,not_discussed,not_discussed,not_discussed,not_discussed,0,[]
1380,not_discussed,not_discussed,not_discussed,not_discussed,0,[]
1381,not_discussed,not_discussed,not_discussed,not_discussed,0,[]
1382,not_discussed,not_discussed,not_discussed,not_discussed,0,[]
1383,not_discussed,not_discussed,not_discussed,not_discussed,0,[]
1384,not_discussed,not_discussed,not_discussed,not_discussed,0,[]
1385,not_discussed,not_discussed,not_discussed,not_discussed,0,[]
1386,alleged,alleged,alleged,alleged,1,"[""Howey’s reference to an ‘investment of money,’ it is \nwell established that cash is not the only form of contribution or investment that will create an \ninvestment contract."",""Howey); Uselton, 940 F."",""investment contracts,’ or as ‘any interest or instrument \ncommonly known as a ‘security’."",""investment contract \nis an investment of money in a common enterprise with a reasonable expectation of profits to be \nderived from the entrepreneurial or managerial efforts of others."",""investment \ncontract “is the presence of an investment in a common venture premised on a reasonable \nexpectation of profits to be derived from the entrepreneurial or managerial efforts of others."",""investment contract exists, the investment of “money” need \nnot take the form of cash."",""investment contract under Howey."",""investment contract and that investors relied on the \npromoter’s managerial efforts, despite the fact that investors put forth the majority of the labor \nthat made the enterprise profitable, because the promoter dictated the terms and controlled the \nscheme itself); Long v.""]"
1387,not_discussed,not_discussed,not_discussed,not_discussed,0,[]
1388,not_discussed,not_discussed,not_discussed,not_discussed,0,[]
1389,not_discussed,not_discussed,not_discussed,not_discussed,0,[]
1390,not_discussed,not_discussed,not_discussed,not_discussed,0,[]
1391,not_discussed,not_discussed,not_discussed,not_discussed,0,[]
1392,not_discussed,not_discussed,not_discussed,not_discussed,0,[]
1393,not_discussed,not_discussed,not_discussed,not_discussed,0,[]
1394,not_discussed,not_discussed,not_discussed,not_discussed,0,[]
1395,not_discussed,not_discussed,not_discussed,not_discussed,0,[]
1396,not_discussed,not_discussed,not_discussed,not_discussed,0,[]
1397,not_discussed,not_discussed,not_discussed,not_discussed,1,"[""investment contracts under SEC \nv.""]"
1398,not_discussed,not_discussed,alleged,alleged,1,"[""investment contracts to over 10,000 investors that defendants\n\nclaimed would yield profits from mining or otherwise investments in virtual currency."",""investment contracts that they\n\nnamed “Hashlets."",""investment contracts and are\n\nsecurities pursuant to Section 3(a)(10) of the Exchange Act, 15 U."",""investment\n\ncontracts for sale, to the present, the exchange rate of U."",""investment contracts were given a fixed interest rate of return determined by\n\nGAW Miners alone."",""investment contracts, and thus “securities” under Section\n\n3(a)(10), 15 U."",""investment contracts, and thus “securities” under Section\n\n§ 36b-3 of the Connecticut General Statutes."",""investment contracts, and thus “securities” under Section §\n\n36b-3 of the Connecticut General Statutes.""]"
1399,not_discussed,not_discussed,not_discussed,not_discussed,0,[]
1400,not_discussed,not_discussed,not_discussed,not_discussed,0,[]
1401,not_discussed,alleged,alleged,not_discussed,1,"[""investment contracts representing shares in the profits they claimed\nwould be generated from using their purported computing power to “mine” for virtual currency."",""investment contracts that they named “Hashlets."",""investment contracts, and thus “securities” under Section\n3(a)(10) [15 U.""]"
1402,not_discussed,not_discussed,not_discussed,not_discussed,0,[]
1403,not_discussed,not_discussed,not_discussed,not_discussed,0,[]
1404,not_discussed,not_discussed,not_discussed,not_discussed,0,[]
1405,not_discussed,not_discussed,not_discussed,not_discussed,0,[]
1406,not_discussed,not_discussed,not_discussed,not_discussed,0,[]
1407,not_discussed,not_discussed,not_discussed,not_discussed,0,[]
1408,not_discussed,not_discussed,not_discussed,not_discussed,0,[]
1409,not_discussed,not_discussed,not_discussed,not_discussed,0,[]
1410,not_discussed,not_discussed,not_discussed,not_discussed,1,"[""investment contract” prepared by the issuer."",""investment contract with LTC-Global shareholders, Burnside \ndistributed to LTC-Global shareholders 100% of the profits earned from the operation of both \nwebsites as dividends.""]"
1412,not_discussed,not_discussed,not_discussed,not_discussed,0,[]
1413,not_discussed,not_discussed,not_discussed,not_discussed,0,[]
1414,not_discussed,not_discussed,not_discussed,not_discussed,0,[]
1415,not_discussed,not_discussed,not_discussed,not_discussed,0,[]
1416,not_discussed,not_discussed,not_discussed,not_discussed,0,[]
1417,not_discussed,not_discussed,not_discussed,not_discussed,0,[]
1418,not_discussed,not_discussed,not_discussed,not_discussed,0,[]
1419,not_discussed,not_discussed,not_discussed,not_discussed,0,[]
1420,not_discussed,not_discussed,not_discussed,not_discussed,0,[]
1421,not_discussed,not_discussed,not_discussed,not_discussed,0,[]
1422,not_discussed,not_discussed,not_discussed,not_discussed,0,[]
1423,not_discussed,not_discussed,not_discussed,not_discussed,0,[]
1424,not_discussed,not_discussed,not_discussed,not_discussed,0,[]
1425,not_discussed,not_discussed,not_discussed,not_discussed,0,[]
1426,not_discussed,not_discussed,not_discussed,not_discussed,0,[]
1427,not_discussed,not_discussed,not_discussed,not_discussed,0,[]
1428,not_discussed,not_discussed,not_discussed,not_discussed,0,[]
1429,not_discussed,not_discussed,not_discussed,not_discussed,0,[]
1430,not_discussed,not_discussed,not_discussed,not_discussed,0,[]
1431,not_discussed,not_discussed,not_discussed,not_discussed,0,[]
1432,not_discussed,not_discussed,not_discussed,not_discussed,0,[]
1433,not_discussed,not_discussed,not_discussed,not_discussed,0,[]
1434,not_discussed,not_discussed,not_discussed,not_discussed,0,[]
1435,not_discussed,not_discussed,not_discussed,not_discussed,0,[]
1436,not_discussed,not_discussed,not_discussed,not_discussed,0,[]
1437,not_discussed,not_discussed,not_discussed,not_discussed,0,[]
1438,not_discussed,not_discussed,not_discussed,not_discussed,0,[]
1439,not_discussed,not_discussed,not_discussed,not_discussed,0,[]
1440,not_discussed,not_discussed,not_discussed,not_discussed,0,[]
1441,not_discussed,not_discussed,not_discussed,not_discussed,0,[]
1448,not_discussed,not_discussed,not_discussed,not_discussed,0,[]
1490,not_discussed,not_discussed,not_discussed,not_discussed,0,[]
1499,not_discussed,not_discussed,not_discussed,not_discussed,0,[]
1523,not_discussed,not_discussed,not_discussed,not_discussed,0,[]
1535,not_discussed,not_discussed,not_discussed,not_discussed,0,[]
1570,not_discussed,not_discussed,not_discussed,not_discussed,0,[]
1590,not_discussed,not_discussed,not_discussed,not_discussed,0,[]
1658,not_discussed,not_discussed,not_discussed,not_discussed,0,[]
2058,not_discussed,not_discussed,not_discussed,not_discussed,0,[]
2345,not_discussed,not_discussed,not_discussed,not_discussed,0,[]
2482,not_discussed,not_discussed,not_discussed,not_discussed,0,[]
2486,not_discussed,not_discussed,not_discussed,not_discussed,0,[]
2490,not_discussed,not_discussed,not_discussed,not_discussed,0,[]
2579,not_discussed,not_discussed,not_discussed,not_discussed,0,[]
